-- phpMyAdmin SQL Dump
-- version 5.2.0
-- https://www.phpmyadmin.net/
--
-- Máy chủ: 127.0.0.1
-- Thời gian đã tạo: Th6 15, 2024 lúc 10:03 AM
-- Phiên bản máy phục vụ: 10.4.27-MariaDB
-- Phiên bản PHP: 8.2.0

SET SQL_MODE = "NO_AUTO_VALUE_ON_ZERO";
START TRANSACTION;
SET time_zone = "+00:00";


/*!40101 SET @OLD_CHARACTER_SET_CLIENT=@@CHARACTER_SET_CLIENT */;
/*!40101 SET @OLD_CHARACTER_SET_RESULTS=@@CHARACTER_SET_RESULTS */;
/*!40101 SET @OLD_COLLATION_CONNECTION=@@COLLATION_CONNECTION */;
/*!40101 SET NAMES utf8mb4 */;

--
-- Cơ sở dữ liệu: `cuoiky`
--

-- --------------------------------------------------------

--
-- Cấu trúc bảng cho bảng `answers`
--

CREATE TABLE `answers` (
  `id` int(11) NOT NULL,
  `question_id` int(11) DEFAULT NULL,
  `content` text NOT NULL,
  `is_correct` tinyint(1) NOT NULL DEFAULT 0,
  `created_at` timestamp NOT NULL DEFAULT current_timestamp(),
  `updated_at` timestamp NOT NULL DEFAULT current_timestamp() ON UPDATE current_timestamp()
) ENGINE=InnoDB DEFAULT CHARSET=utf8mb4 COLLATE=utf8mb4_unicode_ci;

--
-- Đang đổ dữ liệu cho bảng `answers`
--

INSERT INTO `answers` (`id`, `question_id`, `content`, `is_correct`, `created_at`, `updated_at`) VALUES
(97, 1, '3', 0, '2024-06-09 13:47:06', '2024-06-09 13:47:06'),
(98, 1, '4', 1, '2024-06-09 13:47:06', '2024-06-09 13:47:06'),
(99, 1, '5', 0, '2024-06-09 13:47:06', '2024-06-09 13:47:06'),
(100, 1, '6', 0, '2024-06-09 13:47:06', '2024-06-09 13:47:06'),
(101, 2, '12', 1, '2024-06-09 13:47:06', '2024-06-09 13:47:06'),
(102, 2, '15', 0, '2024-06-09 13:47:06', '2024-06-09 13:47:06'),
(103, 2, '10', 0, '2024-06-09 13:47:06', '2024-06-09 13:47:06'),
(104, 2, '18', 0, '2024-06-09 13:47:06', '2024-06-09 13:47:06'),
(105, 3, 'Lực là nguyên nhân làm thay đổi trạng thái của vật', 1, '2024-06-09 13:47:06', '2024-06-09 13:47:06'),
(106, 3, 'Lực là một đại lượng không có khối lượng', 0, '2024-06-09 13:47:06', '2024-06-09 13:47:06'),
(107, 3, 'Lực không có tác dụng gì', 0, '2024-06-09 13:47:06', '2024-06-09 13:47:06'),
(108, 3, 'Lực làm thay đổi trạng thái tĩnh của vật', 0, '2024-06-09 13:47:06', '2024-06-09 13:47:06'),
(109, 4, 'Đặc điểm của phản lực', 1, '2024-06-09 13:47:06', '2024-06-09 13:47:06'),
(110, 4, 'Đặc điểm của tác dụng lực', 1, '2024-06-09 13:47:06', '2024-06-09 13:47:06'),
(111, 4, 'Lực không tương tác', 0, '2024-06-09 13:47:06', '2024-06-09 13:47:06'),
(112, 4, 'Phản lực không bằng tác dụng lực', 0, '2024-06-09 13:47:06', '2024-06-09 13:47:06'),
(113, 5, 'Hydrogen', 1, '2024-06-09 13:47:06', '2024-06-09 13:47:06'),
(114, 5, 'Oxygen', 0, '2024-06-09 13:47:06', '2024-06-09 13:47:06'),
(115, 5, 'Nitrogen', 0, '2024-06-09 13:47:06', '2024-06-09 13:47:06'),
(116, 5, 'Carbon', 0, '2024-06-09 13:47:06', '2024-06-09 13:47:06'),
(117, 6, 'H2 + O2 -> H2O', 1, '2024-06-09 13:47:06', '2024-06-09 13:47:06'),
(118, 6, 'H2 + O2 -> H2O2', 0, '2024-06-09 13:47:06', '2024-06-09 13:47:06'),
(119, 6, 'H2 + O2 -> H2', 0, '2024-06-09 13:47:06', '2024-06-09 13:47:06'),
(120, 6, 'H2 + O -> H2O', 0, '2024-06-09 13:47:06', '2024-06-09 13:47:06'),
(121, 7, 'Có lục lạp', 1, '2024-06-09 13:47:06', '2024-06-09 13:47:06'),
(122, 7, 'Không có thành tế bào', 1, '2024-06-09 13:47:06', '2024-06-09 13:47:06'),
(123, 7, 'Có nhân tế bào', 0, '2024-06-09 13:47:06', '2024-06-09 13:47:06'),
(124, 7, 'Không có màng tế bào', 0, '2024-06-09 13:47:06', '2024-06-09 13:47:06'),
(125, 8, 'Đoạn mã di truyền', 1, '2024-06-09 13:47:06', '2024-06-09 13:47:06'),
(126, 8, 'Protein', 0, '2024-06-09 13:47:06', '2024-06-09 13:47:06'),
(127, 8, 'Lipids', 0, '2024-06-09 13:47:06', '2024-06-09 13:47:06'),
(128, 8, 'RNA', 0, '2024-06-09 13:47:06', '2024-06-09 13:47:06'),
(129, 9, 'Trận chiến ở Verdun', 1, '2024-06-09 13:47:06', '2024-06-09 13:47:06'),
(130, 9, 'Trận chiến ở Marathon', 0, '2024-06-09 13:47:06', '2024-06-09 13:47:06'),
(131, 9, 'Trận chiến ở Waterloo', 0, '2024-06-09 13:47:06', '2024-06-09 13:47:06'),
(132, 9, 'Trận chiến ở Normandy', 0, '2024-06-09 13:47:06', '2024-06-09 13:47:06'),
(133, 10, 'Thucydides', 1, '2024-06-09 13:47:06', '2024-06-09 13:47:06'),
(134, 10, 'Herodotus', 1, '2024-06-09 13:47:06', '2024-06-09 13:47:06'),
(135, 10, 'Plato', 0, '2024-06-09 13:47:06', '2024-06-09 13:47:06'),
(136, 10, 'Aristotle', 0, '2024-06-09 13:47:06', '2024-06-09 13:47:06'),
(137, 11, 'Châu Á', 1, '2024-06-09 13:47:06', '2024-06-09 13:47:06'),
(138, 11, 'Châu Âu', 0, '2024-06-09 13:47:06', '2024-06-09 13:47:06'),
(139, 11, 'Châu Phi', 0, '2024-06-09 13:47:06', '2024-06-09 13:47:06'),
(140, 11, 'Châu Mỹ', 0, '2024-06-09 13:47:06', '2024-06-09 13:47:06'),
(141, 12, 'Sông Hồng', 1, '2024-06-09 13:47:06', '2024-06-09 13:47:06'),
(142, 12, 'Sông Mekong', 0, '2024-06-09 13:47:06', '2024-06-09 13:47:06'),
(143, 12, 'Sông Đồng Nai', 0, '2024-06-09 13:47:06', '2024-06-09 13:47:06'),
(144, 12, 'Sông Đà', 0, '2024-06-09 13:47:06', '2024-06-09 13:47:06'),
(145, 13, 'Nguyễn Du', 1, '2024-06-09 13:47:06', '2024-06-09 13:47:06'),
(146, 13, 'Nguyễn Trãi', 0, '2024-06-09 13:47:06', '2024-06-09 13:47:06'),
(147, 13, 'Nguyễn Bỉnh Khiêm', 0, '2024-06-09 13:47:06', '2024-06-09 13:47:06'),
(148, 13, 'Nguyễn Đình Chiểu', 0, '2024-06-09 13:47:06', '2024-06-09 13:47:06'),
(149, 14, 'Có sự linh hoạt', 1, '2024-06-09 13:47:06', '2024-06-09 13:47:06'),
(150, 14, 'Có nhiều cấu trúc phức tạp', 1, '2024-06-09 13:47:06', '2024-06-09 13:47:06'),
(151, 14, 'Có cấu trúc đơn giản', 0, '2024-06-09 13:47:06', '2024-06-09 13:47:06'),
(152, 14, 'Cứng nhắc', 0, '2024-06-09 13:47:06', '2024-06-09 13:47:06'),
(153, 15, 'Went', 1, '2024-06-09 13:47:06', '2024-06-09 13:47:06'),
(154, 15, 'Gone', 0, '2024-06-09 13:47:06', '2024-06-09 13:47:06'),
(155, 15, 'Go', 0, '2024-06-09 13:47:06', '2024-06-09 13:47:06'),
(156, 15, 'Going', 0, '2024-06-09 13:47:06', '2024-06-09 13:47:06'),
(157, 16, 'Cat', 1, '2024-06-09 13:47:06', '2024-06-09 13:47:06'),
(158, 16, 'Run', 0, '2024-06-09 13:47:06', '2024-06-09 13:47:06'),
(159, 16, 'Dog', 0, '2024-06-09 13:47:06', '2024-06-09 13:47:06'),
(160, 16, 'Bird', 0, '2024-06-09 13:47:06', '2024-06-09 13:47:06'),
(161, 19, 'Use bus services', 1, '2024-06-10 17:12:21', '2024-06-10 17:12:21'),
(162, 19, 'Go to school by bike', 0, '2024-06-10 17:12:21', '2024-06-10 17:12:21'),
(163, 19, 'Go into narrow roads', 0, '2024-06-10 17:12:21', '2024-06-10 17:12:21'),
(164, 19, 'Fix the school bus', 0, '2024-06-10 17:12:21', '2024-06-10 17:12:21'),
(165, 20, 'To tell students how to add natural numbers', 0, '2024-06-10 17:12:21', '2024-06-10 17:12:21'),
(166, 20, 'To tell students to take something to school', 0, '2024-06-10 17:12:21', '2024-06-10 17:12:21'),
(167, 20, 'To tell the students how to add and subtract fractions', 1, '2024-06-10 17:12:21', '2024-06-10 17:12:21'),
(168, 20, 'To tell students how to subtract natural numbers', 0, '2024-06-10 17:12:21', '2024-06-10 17:12:21'),
(169, 21, 'Move to another school', 0, '2024-06-10 17:12:21', '2024-06-10 17:12:21'),
(170, 21, 'Accept a new student', 1, '2024-06-10 17:12:21', '2024-06-10 17:12:21'),
(171, 21, 'Introduce themselves', 0, '2024-06-10 17:12:21', '2024-06-10 17:12:21'),
(172, 21, 'Being different', 0, '2024-06-10 17:12:21', '2024-06-10 17:12:21'),
(173, 22, 'Help Matthew to have new friends', 0, '2024-06-10 17:20:53', '2024-06-10 17:20:53'),
(174, 22, 'Stop being friend with Matthew', 0, '2024-06-10 17:20:53', '2024-06-10 17:20:53'),
(175, 22, 'Apologize to Matthew', 0, '2024-06-10 17:20:53', '2024-06-10 17:20:53'),
(176, 22, 'Change her action to Matthew', 1, '2024-06-10 17:20:53', '2024-06-10 17:20:53'),
(177, 23, 'How to create a model volcano', 0, '2024-06-10 17:22:38', '2024-06-10 17:22:38'),
(178, 23, 'Rules of describing a sequence of events.', 1, '2024-06-10 17:22:38', '2024-06-10 17:22:38'),
(179, 23, 'How to write topic and closing sentences', 0, '2024-06-10 17:22:38', '2024-06-10 17:22:38'),
(180, 23, 'Ways of taking a photograph', 0, '2024-06-10 17:22:38', '2024-06-10 17:22:38'),
(181, 24, 'Parents must submit a written declaration.', 1, '2024-06-10 17:22:38', '2024-06-10 17:22:38'),
(182, 24, 'The school encourages the use of car pool.', 0, '2024-06-10 17:22:38', '2024-06-10 17:22:38'),
(183, 24, 'The persons authorized to collect students for car pools are always on time.', 0, '2024-06-10 17:22:38', '2024-06-10 17:22:38'),
(184, 24, 'The school will detain students who try to slip out of the gate.', 0, '2024-06-10 17:22:38', '2024-06-10 17:22:38'),
(185, 25, 'To talk about the life of Thomas Jefferson', 0, '2024-06-10 17:22:38', '2024-06-10 17:22:38'),
(186, 25, 'To stress the importance of equality', 0, '2024-06-10 17:22:38', '2024-06-10 17:22:38'),
(187, 25, 'To introduce the lesson on the history of the Declaration of Independence', 1, '2024-06-10 17:22:38', '2024-06-10 17:22:38'),
(188, 25, 'To create a Declaration of Independence', 0, '2024-06-10 17:22:38', '2024-06-10 17:22:38'),
(189, 26, 'To introduce the authors in the latter half of the 19th century', 0, '2024-06-10 17:22:38', '2024-06-10 17:22:38'),
(190, 26, 'To discuss the life and contributions of Mark Twain', 0, '2024-06-10 17:22:38', '2024-06-10 17:22:38'),
(191, 26, 'To discuss how a location decides a writer’s style', 0, '2024-06-10 17:22:38', '2024-06-10 17:22:38'),
(192, 26, 'To tell the students that writers are influenced by their environments', 1, '2024-06-10 17:22:38', '2024-06-10 17:22:38'),
(193, 27, 'To explain the definition of noun and adjective', 0, '2024-06-10 17:22:38', '2024-06-10 17:22:38'),
(194, 27, 'To explain how to play a game', 1, '2024-06-10 17:22:38', '2024-06-10 17:22:38'),
(195, 27, 'To teach how to describe an object', 0, '2024-06-10 17:22:38', '2024-06-10 17:22:38'),
(196, 27, 'To tell students to clean the board', 0, '2024-06-10 17:22:38', '2024-06-10 17:22:38'),
(197, 28, 'Because she wants the students to do research on a kind of birds', 1, '2024-06-10 17:22:38', '2024-06-10 17:22:38'),
(198, 28, 'Because she wants the students to collect some eggs', 0, '2024-06-10 17:22:38', '2024-06-10 17:22:38'),
(199, 28, 'Because she wants the students to understand the importance of group work', 0, '2024-06-10 17:22:38', '2024-06-10 17:22:38'),
(200, 28, 'Because she wants the students to build more nests', 0, '2024-06-10 17:22:38', '2024-06-10 17:22:38'),
(201, 29, 'She is ill.', 0, '2024-06-10 17:22:38', '2024-06-10 17:22:38'),
(202, 29, 'She mistook the time.', 0, '2024-06-10 17:22:38', '2024-06-10 17:22:38'),
(203, 29, 'She forgot to do the household things.', 0, '2024-06-10 17:22:38', '2024-06-10 17:22:38'),
(204, 29, 'She came to class late.', 1, '2024-06-10 17:22:38', '2024-06-10 17:22:38'),
(205, 30, 'She missed the bus.', 0, '2024-06-10 17:22:38', '2024-06-10 17:22:38'),
(206, 30, 'She is ill.', 1, '2024-06-10 17:22:38', '2024-06-10 17:22:38'),
(207, 30, 'She went to the field early morning.', 0, '2024-06-10 17:22:38', '2024-06-10 17:22:38'),
(208, 30, 'She forgot the time.', 0, '2024-06-10 17:22:38', '2024-06-10 17:22:38'),
(209, 31, 'Ask her to go back to her seat.', 1, '2024-06-10 17:22:38', '2024-06-10 17:22:38'),
(210, 31, 'Call her parents.', 0, '2024-06-10 17:22:38', '2024-06-10 17:22:38'),
(211, 31, 'Tell her to go back home.', 0, '2024-06-10 17:22:38', '2024-06-10 17:22:38'),
(212, 31, 'Punish her.', 0, '2024-06-10 17:22:38', '2024-06-10 17:22:38'),
(213, 32, 'He lost his syllabus.', 0, '2024-06-10 17:22:38', '2024-06-10 17:22:38'),
(214, 32, 'He can’t find a book.', 1, '2024-06-10 17:22:38', '2024-06-10 17:22:38'),
(215, 32, 'He can’t find the reserve room.', 0, '2024-06-10 17:22:38', '2024-06-10 17:22:38'),
(216, 32, 'He can’t find his notebook.', 0, '2024-06-10 17:22:38', '2024-06-10 17:22:38'),
(217, 33, 'You can bring the reserved book home for a few hours.', 0, '2024-06-10 17:22:38', '2024-06-10 17:22:38'),
(218, 33, 'You can find the reserved book on the shelves in its usual place.', 0, '2024-06-10 17:22:38', '2024-06-10 17:22:38'),
(219, 33, 'You can only read the reserved book in the library.', 1, '2024-06-10 17:22:38', '2024-06-10 17:22:38'),
(220, 33, 'Only the professor can read the reserved book.', 0, '2024-06-10 17:22:38', '2024-06-10 17:22:38'),
(221, 34, '10', 0, '2024-06-12 03:52:06', '2024-06-12 03:52:06'),
(222, 34, '11', 0, '2024-06-12 03:52:06', '2024-06-12 03:52:06'),
(223, 34, '12', 1, '2024-06-12 03:52:06', '2024-06-12 03:52:06'),
(224, 34, '13', 0, '2024-06-12 03:52:06', '2024-06-14 07:21:47'),
(225, 35, '8 m²', 0, '2024-06-12 03:52:06', '2024-06-12 03:52:06'),
(226, 35, '15 m²', 1, '2024-06-12 03:52:06', '2024-06-14 07:21:28'),
(227, 35, '20 m²', 0, '2024-06-12 03:52:06', '2024-06-14 07:20:56'),
(228, 35, '12 m²', 0, '2024-06-12 03:52:06', '2024-06-12 03:52:06'),
(229, 36, '90', 1, '2024-06-12 03:52:06', '2024-06-12 03:52:06'),
(230, 36, '80', 0, '2024-06-12 03:52:06', '2024-06-12 03:52:06'),
(231, 36, '100', 0, '2024-06-12 03:52:06', '2024-06-12 03:52:06'),
(232, 36, '70', 0, '2024-06-12 03:52:06', '2024-06-12 03:52:06'),
(233, 37, 'Mối quan hệ giữa các cạnh của một tam giác cân', 0, '2024-06-12 03:52:06', '2024-06-12 03:52:06'),
(234, 37, 'Mối quan hệ giữa các cạnh của một tam giác vuông', 1, '2024-06-12 03:52:06', '2024-06-12 03:52:06'),
(235, 37, 'Mối quan hệ giữa các cạnh của một tam giác đều', 0, '2024-06-12 03:52:06', '2024-06-12 03:52:06'),
(236, 37, 'Mối quan hệ giữa các góc của một hình chữ nhật', 0, '2024-06-12 03:52:06', '2024-06-12 03:52:06'),
(237, 38, '8', 0, '2024-06-12 03:52:06', '2024-06-12 03:52:06'),
(238, 38, '9', 1, '2024-06-12 03:52:06', '2024-06-12 03:52:06'),
(239, 38, '10', 0, '2024-06-12 03:52:06', '2024-06-12 03:52:06'),
(240, 38, '12', 0, '2024-06-12 03:52:06', '2024-06-12 03:52:06'),
(241, 39, '21.98 cm', 0, '2024-06-12 03:52:06', '2024-06-12 03:52:06'),
(242, 39, '43.96 cm', 0, '2024-06-12 03:52:06', '2024-06-12 03:52:06'),
(243, 39, '14.00 cm', 0, '2024-06-12 03:52:06', '2024-06-12 03:52:06'),
(244, 39, '44.00 cm', 1, '2024-06-12 03:52:06', '2024-06-12 03:52:06'),
(245, 40, '4', 0, '2024-06-12 03:52:06', '2024-06-13 15:23:45'),
(246, 40, '5', 1, '2024-06-12 03:52:06', '2024-06-13 15:23:49'),
(247, 40, '6', 0, '2024-06-12 03:52:06', '2024-06-12 03:52:06'),
(248, 40, '3', 0, '2024-06-12 03:52:06', '2024-06-12 03:52:06'),
(249, 41, '2 cm', 0, '2024-06-12 03:52:06', '2024-06-14 07:17:03'),
(250, 41, '3 cm', 0, '2024-06-12 03:52:06', '2024-06-12 03:52:06'),
(251, 41, '4 cm', 1, '2024-06-12 03:52:06', '2024-06-14 07:17:11'),
(252, 41, '5 cm', 0, '2024-06-12 03:52:06', '2024-06-12 03:52:06'),
(253, 42, '25', 0, '2024-06-12 03:52:06', '2024-06-12 03:52:06'),
(254, 42, '45', 0, '2024-06-12 03:52:06', '2024-06-12 03:52:06'),
(255, 42, '35', 0, '2024-06-12 03:52:06', '2024-06-12 03:52:06'),
(256, 42, '25', 1, '2024-06-12 03:52:06', '2024-06-12 03:52:06'),
(257, 43, 'Góc trong của một tam giác vuông', 0, '2024-06-12 03:52:06', '2024-06-12 03:52:06'),
(258, 43, 'Tổng các góc trong một tam giác là 180 độ', 1, '2024-06-12 03:52:06', '2024-06-12 03:52:06'),
(259, 43, 'Tổng các góc trong một hình tròn là 360 độ', 0, '2024-06-12 03:52:06', '2024-06-12 03:52:06'),
(260, 43, 'Đường chéo của một hình vuông bằng nhau', 0, '2024-06-12 03:52:06', '2024-06-12 03:52:06'),
(261, 44, '56', 1, '2024-06-12 03:52:06', '2024-06-12 03:52:06'),
(262, 44, '65', 0, '2024-06-12 03:52:06', '2024-06-12 03:52:06'),
(263, 44, '72', 0, '2024-06-12 03:52:06', '2024-06-12 03:52:06'),
(264, 44, '48', 0, '2024-06-12 03:52:06', '2024-06-12 03:52:06'),
(265, 45, '100 cm²', 0, '2024-06-12 03:52:06', '2024-06-12 03:52:06'),
(266, 45, '200 cm²', 0, '2024-06-12 03:52:06', '2024-06-12 03:52:06'),
(267, 45, '314 cm²', 1, '2024-06-12 03:52:06', '2024-06-12 03:52:06'),
(268, 45, '400 cm²', 0, '2024-06-12 03:52:06', '2024-06-12 03:52:06'),
(269, 46, '6', 0, '2024-06-12 03:52:06', '2024-06-12 03:52:06'),
(270, 46, '9', 0, '2024-06-12 03:52:06', '2024-06-12 03:52:06'),
(271, 46, '27', 1, '2024-06-12 03:52:06', '2024-06-12 03:52:06'),
(272, 46, '81', 0, '2024-06-12 03:52:06', '2024-06-12 03:52:06'),
(273, 47, 'Tam giác cân', 0, '2024-06-12 03:52:06', '2024-06-12 03:52:06'),
(274, 47, 'Tam giác đều', 0, '2024-06-12 03:52:06', '2024-06-12 03:52:06'),
(275, 47, 'Đường trung tuyến chia tam giác thành hai tam giác có diện tích bằng nhau', 1, '2024-06-12 03:52:06', '2024-06-12 03:52:06'),
(276, 47, 'Đa giác lồi', 0, '2024-06-12 03:52:06', '2024-06-12 03:52:06'),
(277, 48, '9', 1, '2024-06-12 03:52:06', '2024-06-12 03:52:06'),
(278, 48, '8', 0, '2024-06-12 03:52:06', '2024-06-12 03:52:06'),
(279, 48, '7', 0, '2024-06-12 03:52:06', '2024-06-12 03:52:06'),
(280, 48, '10', 0, '2024-06-12 03:52:06', '2024-06-12 03:52:06'),
(281, 49, '3 cm', 1, '2024-06-12 03:52:06', '2024-06-12 03:52:06'),
(282, 49, '7 cm', 0, '2024-06-12 03:52:06', '2024-06-12 03:52:06'),
(283, 49, '14 cm', 0, '2024-06-12 03:52:06', '2024-06-12 03:52:06'),
(284, 49, '21 cm', 0, '2024-06-12 03:52:06', '2024-06-12 03:52:06'),
(285, 50, '18', 0, '2024-06-12 03:52:06', '2024-06-12 03:52:06'),
(286, 50, '30', 0, '2024-06-12 03:52:06', '2024-06-12 03:52:06'),
(287, 50, '15', 0, '2024-06-12 03:52:06', '2024-06-12 03:52:06'),
(288, 50, '30', 1, '2024-06-12 03:52:06', '2024-06-12 03:52:06'),
(289, 51, '7 m', 0, '2024-06-12 03:52:06', '2024-06-12 03:52:06'),
(290, 51, '8 m', 0, '2024-06-12 03:52:06', '2024-06-12 03:52:06'),
(291, 51, '5 m', 1, '2024-06-12 03:52:06', '2024-06-12 03:52:06'),
(292, 51, '6 m', 0, '2024-06-12 03:52:06', '2024-06-12 03:52:06'),
(293, 52, 'Tổng các góc trong một tam giác là 180 độ', 0, '2024-06-12 03:52:06', '2024-06-12 03:52:06'),
(294, 52, 'Tổng các góc trong một đa giác lồi với n cạnh bằng (n-2) x 180 độ', 1, '2024-06-12 03:52:06', '2024-06-12 03:52:06'),
(295, 52, 'Tổng các góc trong một hình chữ nhật là 360 độ', 0, '2024-06-12 03:52:06', '2024-06-12 03:52:06'),
(296, 52, 'Đường chéo của một hình vuông bằng nhau', 0, '2024-06-12 03:52:06', '2024-06-12 03:52:06'),
(297, 53, '2', 0, '2024-06-12 03:52:06', '2024-06-14 07:19:50'),
(298, 53, '3', 0, '2024-06-12 03:52:06', '2024-06-12 03:52:06'),
(299, 53, '4', 1, '2024-06-12 03:52:06', '2024-06-14 07:19:56'),
(300, 53, '5', 0, '2024-06-12 03:52:06', '2024-06-12 03:52:06'),
(301, 54, '4', 0, '2024-06-12 04:01:30', '2024-06-12 04:01:30'),
(302, 54, '5', 1, '2024-06-12 04:01:30', '2024-06-12 04:01:30'),
(303, 54, '6', 0, '2024-06-12 04:01:30', '2024-06-12 04:01:30'),
(304, 54, '7', 0, '2024-06-12 04:01:30', '2024-06-12 04:01:30'),
(305, 55, '12 m²', 0, '2024-06-12 04:01:30', '2024-06-12 04:01:30'),
(306, 55, '16 m²', 1, '2024-06-12 04:01:30', '2024-06-12 04:01:30'),
(307, 55, '18 m²', 0, '2024-06-12 04:01:30', '2024-06-12 04:01:30'),
(308, 55, '20 m²', 0, '2024-06-12 04:01:30', '2024-06-12 04:01:30'),
(309, 56, '63', 1, '2024-06-12 04:01:30', '2024-06-12 04:01:30'),
(310, 56, '64', 0, '2024-06-12 04:01:30', '2024-06-12 04:01:30'),
(311, 56, '65', 0, '2024-06-12 04:01:30', '2024-06-12 04:01:30'),
(312, 56, '66', 0, '2024-06-12 04:01:30', '2024-06-12 04:01:30'),
(313, 57, '31.4 cm', 1, '2024-06-12 04:01:30', '2024-06-12 04:01:30'),
(314, 57, '28.3 cm', 0, '2024-06-12 04:01:30', '2024-06-12 04:01:30'),
(315, 57, '30.0 cm', 0, '2024-06-12 04:01:30', '2024-06-12 04:01:30'),
(316, 57, '32.5 cm', 0, '2024-06-12 04:01:30', '2024-06-12 04:01:30'),
(317, 58, '5', 1, '2024-06-12 04:01:30', '2024-06-12 04:01:30'),
(318, 58, '6', 0, '2024-06-12 04:01:30', '2024-06-12 04:01:30'),
(319, 58, '7', 0, '2024-06-12 04:01:30', '2024-06-12 04:01:30'),
(320, 58, '8', 0, '2024-06-12 04:01:30', '2024-06-12 04:01:30'),
(321, 59, 'A = 1/2 x đáy x chiều cao', 1, '2024-06-12 04:01:30', '2024-06-12 04:01:30'),
(322, 59, 'A = đáy x chiều cao', 0, '2024-06-12 04:01:30', '2024-06-12 04:01:30'),
(323, 59, 'A = chu vi x chiều cao', 0, '2024-06-12 04:01:30', '2024-06-12 04:01:30'),
(324, 59, 'A = 2 x chu vi', 0, '2024-06-12 04:01:30', '2024-06-12 04:01:30'),
(325, 60, 'x = 10', 0, '2024-06-12 04:01:30', '2024-06-12 04:01:30'),
(326, 60, 'x = 5', 1, '2024-06-12 04:01:30', '2024-06-12 04:01:30'),
(327, 60, 'x = 15', 0, '2024-06-12 04:01:30', '2024-06-12 04:01:30'),
(328, 60, 'x = 20', 0, '2024-06-12 04:01:30', '2024-06-12 04:01:30'),
(329, 61, '4', 0, '2024-06-12 04:01:30', '2024-06-12 04:01:30'),
(330, 61, '6', 0, '2024-06-12 04:01:30', '2024-06-12 04:01:30'),
(331, 61, '8', 0, '2024-06-12 04:01:30', '2024-06-12 04:01:30'),
(332, 61, '10', 1, '2024-06-12 04:01:30', '2024-06-12 04:01:30'),
(333, 62, '54', 1, '2024-06-12 04:01:30', '2024-06-12 04:01:30'),
(334, 62, '53', 0, '2024-06-12 04:01:30', '2024-06-12 04:01:30'),
(335, 62, '52', 0, '2024-06-12 04:01:30', '2024-06-12 04:01:30'),
(336, 62, '51', 0, '2024-06-12 04:01:30', '2024-06-12 04:01:30'),
(337, 63, '11', 0, '2024-06-12 04:01:30', '2024-06-12 04:01:30'),
(338, 63, '12', 1, '2024-06-12 04:01:30', '2024-06-12 04:01:30'),
(339, 63, '13', 0, '2024-06-12 04:01:30', '2024-06-12 04:01:30'),
(340, 63, '14', 0, '2024-06-12 04:01:30', '2024-06-12 04:01:30'),
(341, 64, '30 m', 1, '2024-06-12 04:01:30', '2024-06-12 04:01:30'),
(342, 64, '32 m', 0, '2024-06-12 04:01:30', '2024-06-12 04:01:30'),
(343, 64, '34 m', 0, '2024-06-12 04:01:30', '2024-06-12 04:01:30'),
(344, 64, '36 m', 0, '2024-06-12 04:01:30', '2024-06-12 04:01:30'),
(345, 65, '30', 0, '2024-06-12 04:01:30', '2024-06-12 04:01:30'),
(346, 65, '40', 1, '2024-06-12 04:01:30', '2024-06-12 04:01:30'),
(347, 65, '50', 0, '2024-06-12 04:01:30', '2024-06-12 04:01:30'),
(348, 65, '60', 0, '2024-06-12 04:01:30', '2024-06-12 04:01:30'),
(349, 66, '6 m²', 1, '2024-06-12 04:01:30', '2024-06-12 04:01:30'),
(350, 66, '7 m²', 0, '2024-06-12 04:01:30', '2024-06-12 04:01:30'),
(351, 66, '8 m²', 0, '2024-06-12 04:01:30', '2024-06-12 04:01:30'),
(352, 66, '9 m²', 0, '2024-06-12 04:01:30', '2024-06-12 04:01:30'),
(353, 67, '10', 0, '2024-06-12 04:01:30', '2024-06-12 04:01:30'),
(354, 67, '12', 0, '2024-06-12 04:01:30', '2024-06-12 04:01:30'),
(355, 67, '14', 0, '2024-06-12 04:01:30', '2024-06-12 04:01:30'),
(356, 67, '15', 1, '2024-06-12 04:01:30', '2024-06-12 04:01:30'),
(357, 68, '9', 0, '2024-06-12 04:01:30', '2024-06-12 04:01:30'),
(358, 68, '10', 1, '2024-06-12 04:01:30', '2024-06-12 04:01:30'),
(359, 68, '11', 0, '2024-06-12 04:01:30', '2024-06-12 04:01:30'),
(360, 68, '12', 0, '2024-06-12 04:01:30', '2024-06-12 04:01:30'),
(361, 69, 'x = 7', 0, '2024-06-12 04:01:30', '2024-06-12 04:01:30'),
(362, 69, 'x = 8', 0, '2024-06-12 04:01:30', '2024-06-12 04:01:30'),
(363, 69, 'x = 9', 0, '2024-06-12 04:01:30', '2024-06-12 04:01:30'),
(364, 69, 'x = 10', 1, '2024-06-12 04:01:30', '2024-06-12 04:01:30'),
(365, 70, '8', 0, '2024-06-12 04:01:30', '2024-06-12 04:01:30'),
(366, 70, '9', 0, '2024-06-12 04:01:30', '2024-06-12 04:01:30'),
(367, 70, '10', 1, '2024-06-12 04:01:30', '2024-06-12 04:01:30'),
(368, 70, '11', 0, '2024-06-12 04:01:30', '2024-06-12 04:01:30'),
(369, 71, '11 m', 0, '2024-06-12 04:01:30', '2024-06-12 04:01:30'),
(370, 71, '12 m', 1, '2024-06-12 04:01:30', '2024-06-14 14:40:58'),
(371, 71, '13 m', 0, '2024-06-12 04:01:30', '2024-06-12 04:01:30'),
(372, 71, '14 m', 0, '2024-06-12 04:01:30', '2024-06-14 14:41:06'),
(373, 72, '62', 0, '2024-06-12 04:01:30', '2024-06-12 04:01:30'),
(374, 72, '63', 0, '2024-06-12 04:01:30', '2024-06-12 04:01:30'),
(375, 72, '64', 0, '2024-06-12 04:01:30', '2024-06-12 04:01:30'),
(376, 72, '64', 1, '2024-06-12 04:01:30', '2024-06-12 04:01:30'),
(377, 73, '4 m', 0, '2024-06-12 04:01:30', '2024-06-12 04:01:30'),
(378, 73, '5 m', 1, '2024-06-12 04:01:30', '2024-06-12 04:01:30'),
(379, 73, '6 m', 0, '2024-06-12 04:01:30', '2024-06-12 04:01:30'),
(380, 73, '7 m', 0, '2024-06-12 04:01:30', '2024-06-12 04:01:30'),
(381, 74, '4cm', 0, '2024-06-12 04:52:48', '2024-06-12 04:52:48'),
(382, 74, '5cm', 1, '2024-06-12 04:52:48', '2024-06-12 04:52:48'),
(383, 74, '6cm', 0, '2024-06-12 04:52:48', '2024-06-12 04:52:48'),
(384, 74, '7cm', 0, '2024-06-12 04:52:48', '2024-06-12 04:52:48'),
(385, 75, 'Cạnh dài x cạnh ngắn', 0, '2024-06-12 04:52:48', '2024-06-12 04:52:48'),
(386, 75, 'Đáy x chiều cao', 0, '2024-06-12 04:52:48', '2024-06-12 04:52:48'),
(387, 75, 'Cạnh dài x chiều cao', 1, '2024-06-12 04:52:48', '2024-06-12 04:52:48'),
(388, 75, 'Đường chéo x chiều cao', 0, '2024-06-12 04:52:48', '2024-06-12 04:52:48'),
(389, 76, '50', 0, '2024-06-12 04:52:48', '2024-06-12 04:52:48'),
(390, 76, '60', 1, '2024-06-12 04:52:48', '2024-06-14 14:32:09'),
(391, 76, '70', 0, '2024-06-12 04:52:48', '2024-06-12 04:52:48'),
(392, 76, '60', 0, '2024-06-12 04:52:48', '2024-06-14 14:32:04'),
(393, 77, '30', 0, '2024-06-12 04:52:48', '2024-06-12 04:52:48'),
(394, 77, '40', 1, '2024-06-12 04:52:48', '2024-06-12 04:52:48'),
(395, 77, '50', 0, '2024-06-12 04:52:48', '2024-06-12 04:52:48'),
(396, 77, '60', 0, '2024-06-12 04:52:48', '2024-06-12 04:52:48'),
(397, 78, 'Mét', 0, '2024-06-12 04:52:48', '2024-06-12 04:52:48'),
(398, 78, 'Kilôgam', 0, '2024-06-12 04:52:48', '2024-06-12 04:52:48'),
(399, 78, 'Centi mét', 0, '2024-06-12 04:52:48', '2024-06-12 04:52:48'),
(400, 78, 'Mét vuông', 1, '2024-06-12 04:52:48', '2024-06-12 04:52:48'),
(401, 79, '12', 0, '2024-06-12 04:52:48', '2024-06-12 04:52:48'),
(402, 79, '13', 1, '2024-06-12 04:52:48', '2024-06-14 14:37:10'),
(403, 79, '14', 0, '2024-06-12 04:52:48', '2024-06-14 14:37:07'),
(404, 79, '15', 0, '2024-06-12 04:52:48', '2024-06-12 04:52:48'),
(405, 80, '7', 0, '2024-06-12 04:52:48', '2024-06-12 04:52:48'),
(406, 80, '8', 1, '2024-06-12 04:52:48', '2024-06-12 04:52:48'),
(407, 80, '9', 0, '2024-06-12 04:52:48', '2024-06-12 04:52:48'),
(408, 80, '10', 0, '2024-06-12 04:52:48', '2024-06-12 04:52:48'),
(409, 81, '7', 1, '2024-06-12 04:52:48', '2024-06-12 04:52:48'),
(410, 81, '6', 0, '2024-06-12 04:52:48', '2024-06-12 04:52:48'),
(411, 81, '8', 0, '2024-06-12 04:52:48', '2024-06-12 04:52:48'),
(412, 81, '9', 0, '2024-06-12 04:52:48', '2024-06-12 04:52:48'),
(413, 82, '10', 0, '2024-06-12 04:52:48', '2024-06-12 04:52:48'),
(414, 82, '12', 0, '2024-06-12 04:52:48', '2024-06-12 04:52:48'),
(415, 82, '14', 0, '2024-06-12 04:52:48', '2024-06-14 14:33:13'),
(416, 82, '16', 1, '2024-06-12 04:52:48', '2024-06-14 14:33:18'),
(417, 83, '22 m²', 0, '2024-06-12 04:52:48', '2024-06-12 04:52:48'),
(418, 83, '23 m²', 0, '2024-06-12 04:52:48', '2024-06-12 04:52:48'),
(419, 83, '24 m²', 1, '2024-06-12 04:52:48', '2024-06-12 04:52:48'),
(420, 83, '25 m²', 0, '2024-06-12 04:52:48', '2024-06-12 04:52:48'),
(421, 84, '0.75', 1, '2024-06-12 04:52:48', '2024-06-12 04:52:48'),
(422, 84, '0.57', 0, '2024-06-12 04:52:48', '2024-06-12 04:52:48'),
(423, 84, '0.50', 0, '2024-06-12 04:52:48', '2024-06-12 04:52:48'),
(424, 84, '0.60', 0, '2024-06-12 04:52:48', '2024-06-12 04:52:48'),
(425, 85, '90', 0, '2024-06-12 04:52:48', '2024-06-14 14:39:48'),
(426, 85, '75', 0, '2024-06-12 04:52:48', '2024-06-12 04:52:48'),
(427, 85, '65', 0, '2024-06-12 04:52:48', '2024-06-12 04:52:48'),
(428, 85, '85', 1, '2024-06-12 04:52:48', '2024-06-12 04:52:48'),
(429, 86, '3', 1, '2024-06-12 04:52:48', '2024-06-12 04:52:48'),
(430, 86, '4', 0, '2024-06-12 04:52:48', '2024-06-12 04:52:48'),
(431, 86, '5', 0, '2024-06-12 04:52:48', '2024-06-12 04:52:48'),
(432, 86, '6', 0, '2024-06-12 04:52:48', '2024-06-12 04:52:48'),
(433, 87, '20 cm', 0, '2024-06-12 04:52:48', '2024-06-12 04:52:48'),
(434, 87, '30 cm', 0, '2024-06-12 04:52:48', '2024-06-12 04:52:48'),
(435, 87, '40 cm', 1, '2024-06-12 04:52:48', '2024-06-12 04:52:48'),
(436, 87, '50 cm', 0, '2024-06-12 04:52:48', '2024-06-12 04:52:48'),
(437, 88, 'Cạnh + chiều cao', 0, '2024-06-12 04:52:48', '2024-06-12 04:52:48'),
(438, 88, 'Cạnh dài x chiều cao', 0, '2024-06-12 04:52:48', '2024-06-12 04:52:48'),
(439, 88, 'Tổng chiều dài ba cạnh', 1, '2024-06-12 04:52:48', '2024-06-12 04:52:48'),
(440, 88, 'Chiều cao x chiều dài', 0, '2024-06-12 04:52:48', '2024-06-12 04:52:48'),
(441, 89, '30', 0, '2024-06-12 04:52:48', '2024-06-12 04:52:48'),
(442, 89, '32', 0, '2024-06-12 04:52:48', '2024-06-12 19:00:18'),
(443, 89, '34', 0, '2024-06-12 04:52:48', '2024-06-12 04:52:48'),
(444, 89, '36', 1, '2024-06-12 04:52:48', '2024-06-12 19:00:23'),
(445, 90, '20', 0, '2024-06-12 04:52:48', '2024-06-12 04:52:48'),
(446, 90, '25', 0, '2024-06-12 04:52:48', '2024-06-12 04:52:48'),
(447, 90, '30', 1, '2024-06-12 04:52:48', '2024-06-12 04:52:48'),
(448, 90, '35', 0, '2024-06-12 04:52:48', '2024-06-12 04:52:48'),
(449, 91, '15', 0, '2024-06-12 04:52:48', '2024-06-14 14:34:55'),
(450, 91, '16', 0, '2024-06-12 04:52:48', '2024-06-12 04:52:48'),
(451, 91, '17', 0, '2024-06-12 04:52:48', '2024-06-12 04:52:48'),
(452, 91, '18', 1, '2024-06-12 04:52:48', '2024-06-14 14:35:04'),
(453, 92, '62.8 cm', 0, '2024-06-12 04:52:48', '2024-06-12 04:52:48'),
(454, 92, '63.4 cm', 0, '2024-06-12 04:52:48', '2024-06-12 04:52:48'),
(455, 92, '64.0 cm', 1, '2024-06-12 04:52:48', '2024-06-12 04:52:48'),
(456, 92, '65.6 cm', 0, '2024-06-12 04:52:48', '2024-06-12 04:52:48'),
(457, 93, '8', 0, '2024-06-12 04:52:48', '2024-06-12 04:52:48'),
(458, 93, '9', 1, '2024-06-12 04:52:48', '2024-06-14 07:18:58'),
(459, 93, '10', 0, '2024-06-12 04:52:48', '2024-06-14 07:18:49'),
(460, 93, '11', 0, '2024-06-12 04:52:48', '2024-06-12 04:52:48'),
(461, 114, '300,000 km/s', 1, '2024-06-12 09:46:37', '2024-06-12 09:46:37'),
(462, 114, '150,000 km/s', 0, '2024-06-12 09:46:37', '2024-06-12 09:46:37'),
(463, 114, '400,000 km/s', 0, '2024-06-12 09:46:37', '2024-06-12 09:46:37'),
(464, 114, '500,000 km/s', 0, '2024-06-12 09:46:37', '2024-06-12 09:46:37'),
(465, 115, 'Định luật Khúc xạ', 0, '2024-06-12 09:46:37', '2024-06-12 09:46:37'),
(466, 115, 'Định luật Phản xạ', 1, '2024-06-12 09:46:37', '2024-06-12 09:46:37'),
(467, 115, 'Định luật Chuyển động', 0, '2024-06-12 09:46:37', '2024-06-12 09:46:37'),
(468, 115, 'Định luật Bảo toàn', 0, '2024-06-12 09:46:37', '2024-06-12 09:46:37'),
(469, 116, 'Ohm', 0, '2024-06-12 09:46:37', '2024-06-12 09:46:37'),
(470, 116, 'Volt', 0, '2024-06-12 09:46:37', '2024-06-12 09:46:37'),
(471, 116, 'Ampere', 1, '2024-06-12 09:46:37', '2024-06-12 09:46:37'),
(472, 116, 'Watt', 0, '2024-06-12 09:46:37', '2024-06-12 09:46:37'),
(473, 117, '2 m/s²', 0, '2024-06-12 09:46:37', '2024-06-12 09:46:37'),
(474, 117, '3 m/s²', 0, '2024-06-12 09:46:37', '2024-06-12 09:46:37'),
(475, 117, '4 m/s²', 1, '2024-06-12 09:46:37', '2024-06-12 09:46:37'),
(476, 117, '5 m/s²', 0, '2024-06-12 09:46:37', '2024-06-12 09:46:37'),
(477, 118, 'Lực hấp dẫn', 1, '2024-06-12 09:46:37', '2024-06-12 09:46:37'),
(478, 118, 'Lực đàn hồi', 0, '2024-06-12 09:46:37', '2024-06-12 09:46:37'),
(479, 118, 'Lực ma sát', 0, '2024-06-12 09:46:37', '2024-06-12 09:46:37'),
(480, 118, 'Lực điện từ', 0, '2024-06-12 09:46:37', '2024-06-12 09:46:37'),
(481, 119, '5 Ohm', 1, '2024-06-12 09:46:37', '2024-06-12 09:46:37'),
(482, 119, '10 Ohm', 0, '2024-06-12 09:46:37', '2024-06-12 09:46:37'),
(483, 119, '15 Ohm', 0, '2024-06-12 09:46:37', '2024-06-12 09:46:37'),
(484, 119, '20 Ohm', 0, '2024-06-12 09:46:37', '2024-06-12 09:46:37'),
(485, 120, 'Quy luật Bảo toàn năng lượng', 1, '2024-06-12 09:46:37', '2024-06-12 09:46:37'),
(486, 120, 'Quy luật Bảo toàn khối lượng', 0, '2024-06-12 09:46:37', '2024-06-12 09:46:37'),
(487, 120, 'Quy luật Bảo toàn động lượng', 0, '2024-06-12 09:46:37', '2024-06-12 09:46:37'),
(488, 120, 'Quy luật Bảo toàn nhiệt lượng', 0, '2024-06-12 09:46:37', '2024-06-12 09:46:37'),
(489, 121, 'Khối lượng của vật trên một đơn vị thể tích', 1, '2024-06-12 09:46:37', '2024-06-12 09:46:37'),
(490, 121, 'Trọng lượng của vật', 0, '2024-06-12 09:46:37', '2024-06-12 09:46:37'),
(491, 121, 'Thể tích của vật', 0, '2024-06-12 09:46:37', '2024-06-12 09:46:37'),
(492, 121, 'Khối lượng của vật', 0, '2024-06-12 09:46:37', '2024-06-12 09:46:37'),
(493, 122, 'Định luật Ohm', 0, '2024-06-12 09:46:37', '2024-06-12 09:46:37'),
(494, 122, 'Định luật Newton', 0, '2024-06-12 09:46:37', '2024-06-12 09:46:37'),
(495, 122, 'Định luật Hooke', 1, '2024-06-12 09:46:37', '2024-06-12 09:46:37'),
(496, 122, 'Định luật Archimedes', 0, '2024-06-12 09:46:37', '2024-06-12 09:46:37'),
(497, 123, 'Lực tác dụng lên một đơn vị diện tích, đo bằng Pascal', 1, '2024-06-12 09:46:37', '2024-06-12 09:46:37'),
(498, 123, 'Lực tác dụng lên một vật', 0, '2024-06-12 09:46:37', '2024-06-12 09:46:37'),
(499, 123, 'Độ lớn của một vật', 0, '2024-06-12 09:46:37', '2024-06-12 09:46:37'),
(500, 123, 'Nhiệt độ của một vật', 0, '2024-06-12 09:46:37', '2024-06-12 09:46:37'),
(501, 124, '25 N', 0, '2024-06-12 09:46:37', '2024-06-12 09:46:37'),
(502, 124, '30 N', 0, '2024-06-12 09:46:37', '2024-06-12 09:46:37'),
(503, 124, '35 N', 0, '2024-06-12 09:46:37', '2024-06-12 09:46:37'),
(504, 124, '25 N', 1, '2024-06-12 09:46:37', '2024-06-12 09:46:37'),
(505, 125, 'Joule', 1, '2024-06-12 09:46:37', '2024-06-12 09:46:37'),
(506, 125, 'Watt', 0, '2024-06-12 09:46:37', '2024-06-12 09:46:37'),
(507, 125, 'Newton', 0, '2024-06-12 09:46:37', '2024-06-12 09:46:37'),
(508, 125, 'Coulomb', 0, '2024-06-12 09:46:37', '2024-06-12 09:46:37'),
(509, 126, '4 m/s', 1, '2024-06-12 09:46:37', '2024-06-12 09:46:37'),
(510, 126, '5 m/s', 0, '2024-06-12 09:46:37', '2024-06-12 09:46:37'),
(511, 126, '6 m/s', 0, '2024-06-12 09:46:37', '2024-06-12 09:46:37'),
(512, 126, '7 m/s', 0, '2024-06-12 09:46:37', '2024-06-12 09:46:37'),
(513, 127, '80°C', 0, '2024-06-12 09:46:37', '2024-06-12 09:46:37'),
(514, 127, '90°C', 0, '2024-06-12 09:46:37', '2024-06-12 09:46:37'),
(515, 127, '100°C', 1, '2024-06-12 09:46:37', '2024-06-12 09:46:37'),
(516, 127, '110°C', 0, '2024-06-12 09:46:37', '2024-06-12 09:46:37'),
(517, 128, '2.5 s', 0, '2024-06-12 09:46:37', '2024-06-12 09:46:37'),
(518, 128, '3 s', 1, '2024-06-12 09:46:37', '2024-06-12 09:46:37'),
(519, 128, '3.5 s', 0, '2024-06-12 09:46:37', '2024-06-12 09:46:37'),
(520, 128, '4 s', 0, '2024-06-12 09:46:37', '2024-06-12 09:46:37'),
(521, 129, 'Công suất bằng công thực hiện trong một đơn vị thời gian, đo bằng Watt', 1, '2024-06-12 09:46:37', '2024-06-12 09:46:37'),
(522, 129, 'Công suất bằng lực tác dụng lên một đơn vị diện tích', 0, '2024-06-12 09:46:37', '2024-06-12 09:46:37'),
(523, 129, 'Công suất bằng điện thế qua mạch', 0, '2024-06-12 09:46:37', '2024-06-12 09:46:37'),
(524, 129, 'Công suất bằng năng lượng của vật', 0, '2024-06-12 09:46:37', '2024-06-12 09:46:37'),
(525, 130, '7.5V', 0, '2024-06-12 09:46:37', '2024-06-12 09:46:37'),
(526, 130, '10V', 1, '2024-06-12 09:46:37', '2024-06-12 09:46:37'),
(527, 130, '12.5V', 0, '2024-06-12 09:46:37', '2024-06-12 09:46:37'),
(528, 130, '15V', 0, '2024-06-12 09:46:37', '2024-06-12 09:46:37'),
(529, 131, '2 kg/m³', 0, '2024-06-12 09:46:37', '2024-06-12 09:46:37'),
(530, 131, '4 kg/m³', 1, '2024-06-12 09:46:37', '2024-06-12 09:46:37'),
(531, 131, '6 kg/m³', 0, '2024-06-12 09:46:37', '2024-06-12 09:46:37'),
(532, 131, '8 kg/m³', 0, '2024-06-12 09:46:37', '2024-06-12 09:46:37'),
(533, 132, 'F = m x a', 0, '2024-06-12 09:46:37', '2024-06-12 09:46:37'),
(534, 132, 'F = k x x', 0, '2024-06-12 09:46:37', '2024-06-12 09:46:37'),
(535, 132, 'F = d x g', 0, '2024-06-12 09:46:37', '2024-06-12 09:46:37'),
(536, 132, 'F = ρ x V x g', 1, '2024-06-12 09:46:37', '2024-06-12 09:46:37'),
(537, 133, '0 m/s²', 1, '2024-06-12 09:46:37', '2024-06-12 09:46:37'),
(538, 133, '5 m/s²', 0, '2024-06-12 09:46:37', '2024-06-12 09:46:37'),
(539, 133, '10 m/s²', 0, '2024-06-12 09:46:37', '2024-06-12 09:46:37'),
(540, 133, '15 m/s²', 0, '2024-06-12 09:46:37', '2024-06-12 09:46:37'),
(541, 134, 'Newton', 1, '2024-06-12 10:00:49', '2024-06-12 10:00:49'),
(542, 134, 'Joule', 0, '2024-06-12 10:00:49', '2024-06-12 10:00:49'),
(543, 134, 'Watt', 0, '2024-06-12 10:00:49', '2024-06-12 10:00:49'),
(544, 134, 'Volt', 0, '2024-06-12 10:00:49', '2024-06-12 10:00:49'),
(545, 135, 'Nguyên lý Pascal', 0, '2024-06-12 10:00:49', '2024-06-12 10:00:49'),
(546, 135, 'Nguyên lý Archimedes', 1, '2024-06-12 10:00:49', '2024-06-12 10:00:49'),
(547, 135, 'Nguyên lý Bernoulli', 0, '2024-06-12 10:00:49', '2024-06-12 10:00:49'),
(548, 135, 'Nguyên lý Joule', 0, '2024-06-12 10:00:49', '2024-06-12 10:00:49'),
(549, 136, 'F = ma', 1, '2024-06-12 10:00:49', '2024-06-12 10:00:49'),
(550, 136, 'F = mg', 0, '2024-06-12 10:00:49', '2024-06-12 10:00:49'),
(551, 136, 'F = mv', 0, '2024-06-12 10:00:49', '2024-06-12 10:00:49'),
(552, 136, 'F = mw', 0, '2024-06-12 10:00:49', '2024-06-12 10:00:49'),
(553, 137, '343 m/s', 1, '2024-06-12 10:00:49', '2024-06-12 10:00:49'),
(554, 137, '300 m/s', 0, '2024-06-12 10:00:49', '2024-06-12 10:00:49'),
(555, 137, '400 m/s', 0, '2024-06-12 10:00:49', '2024-06-12 10:00:49'),
(556, 137, '350 m/s', 0, '2024-06-12 10:00:49', '2024-06-12 10:00:49'),
(557, 138, '20 N', 1, '2024-06-12 10:00:49', '2024-06-12 10:00:49'),
(558, 138, '10 N', 0, '2024-06-12 10:00:49', '2024-06-12 10:00:49'),
(559, 138, '30 N', 0, '2024-06-12 10:00:49', '2024-06-12 10:00:49'),
(560, 138, '40 N', 0, '2024-06-12 10:00:49', '2024-06-12 10:00:49'),
(561, 139, 'Ánh sáng đơn sắc', 0, '2024-06-12 10:00:49', '2024-06-12 10:00:49'),
(562, 139, 'Ánh sáng chứa tất cả các màu của quang phổ', 1, '2024-06-12 10:00:49', '2024-06-12 10:00:49'),
(563, 139, 'Ánh sáng đỏ', 0, '2024-06-12 10:00:49', '2024-06-12 10:00:49'),
(564, 139, 'Ánh sáng xanh', 0, '2024-06-12 10:00:49', '2024-06-12 10:00:49'),
(565, 140, '1 g/cm³', 1, '2024-06-12 10:00:49', '2024-06-12 10:00:49'),
(566, 140, '2 g/cm³', 0, '2024-06-12 10:00:49', '2024-06-12 10:00:49'),
(567, 140, '3 g/cm³', 0, '2024-06-12 10:00:49', '2024-06-12 10:00:49'),
(568, 140, '4 g/cm³', 0, '2024-06-12 10:00:49', '2024-06-12 10:00:49'),
(569, 141, 'Khối lượng của các vật và khoảng cách giữa chúng', 1, '2024-06-12 10:00:49', '2024-06-12 10:00:49'),
(570, 141, 'Khối lượng của các vật và thể tích của chúng', 0, '2024-06-12 10:00:49', '2024-06-12 10:00:49'),
(571, 141, 'Khối lượng của các vật và hình dạng của chúng', 0, '2024-06-12 10:00:49', '2024-06-12 10:00:49'),
(572, 141, 'Khối lượng của các vật và diện tích bề mặt của chúng', 0, '2024-06-12 10:00:49', '2024-06-12 10:00:49'),
(573, 142, '0°C', 0, '2024-06-12 10:00:49', '2024-06-12 10:00:49'),
(574, 142, '100°C', 0, '2024-06-12 10:00:49', '2024-06-12 10:00:49'),
(575, 142, '0 K', 1, '2024-06-12 10:00:49', '2024-06-12 10:00:49'),
(576, 142, '273°C', 0, '2024-06-12 10:00:49', '2024-06-12 10:00:49'),
(577, 143, 'Joule', 0, '2024-06-12 10:00:49', '2024-06-12 10:00:49'),
(578, 143, 'Watt', 1, '2024-06-12 10:00:49', '2024-06-12 10:00:49'),
(579, 143, 'Newton', 0, '2024-06-12 10:00:49', '2024-06-12 10:00:49'),
(580, 143, 'Volt', 0, '2024-06-12 10:00:49', '2024-06-12 10:00:49'),
(581, 144, '500 cm³', 0, '2024-06-12 10:00:49', '2024-06-12 10:00:49'),
(582, 144, '523.6 cm³', 1, '2024-06-12 10:00:49', '2024-06-12 10:00:49'),
(583, 144, '600 cm³', 0, '2024-06-12 10:00:49', '2024-06-12 10:00:49'),
(584, 144, '700 cm³', 0, '2024-06-12 10:00:49', '2024-06-12 10:00:49'),
(585, 145, 'Chiều dài và diện tích bề mặt của dây dẫn', 0, '2024-06-12 10:00:49', '2024-06-12 10:00:49'),
(586, 145, 'Chiều dài và khối lượng của dây dẫn', 0, '2024-06-12 10:00:49', '2024-06-12 10:00:49'),
(587, 145, 'Chiều dài, diện tích bề mặt và vật liệu của dây dẫn', 1, '2024-06-12 10:00:49', '2024-06-12 10:00:49'),
(588, 145, 'Chiều dài và thể tích của dây dẫn', 0, '2024-06-12 10:00:49', '2024-06-12 10:00:49'),
(589, 146, 'Lực điện từ', 0, '2024-06-12 10:00:49', '2024-06-12 10:00:49'),
(590, 146, 'Lực ma sát', 0, '2024-06-12 10:00:49', '2024-06-12 10:00:49'),
(591, 146, 'Lực hấp dẫn', 1, '2024-06-12 10:00:49', '2024-06-12 10:00:49'),
(592, 146, 'Lực căng bề mặt', 0, '2024-06-12 10:00:49', '2024-06-12 10:00:49'),
(593, 147, 'Động lượng của một hệ không đổi khi không có lực tác dụng bên ngoài', 1, '2024-06-12 10:00:49', '2024-06-12 10:00:49'),
(594, 147, 'Động lượng của một hệ luôn thay đổi', 0, '2024-06-12 10:00:49', '2024-06-12 10:00:49'),
(595, 147, 'Động lượng của một hệ không phụ thuộc vào lực tác dụng bên ngoài', 0, '2024-06-12 10:00:49', '2024-06-12 10:00:49'),
(596, 147, 'Động lượng của một hệ chỉ phụ thuộc vào khối lượng của các vật trong hệ', 0, '2024-06-12 10:00:49', '2024-06-12 10:00:49'),
(597, 148, '1 s', 0, '2024-06-12 10:00:49', '2024-06-12 10:00:49'),
(598, 148, '2 s', 0, '2024-06-12 10:00:49', '2024-06-12 10:00:49'),
(599, 148, '2.02 s', 1, '2024-06-12 10:00:49', '2024-06-12 10:00:49'),
(600, 148, '3 s', 0, '2024-06-12 10:00:49', '2024-06-12 10:00:49'),
(601, 149, 'Joule', 0, '2024-06-12 10:00:49', '2024-06-12 10:00:49'),
(602, 149, 'Watt', 0, '2024-06-12 10:00:49', '2024-06-12 10:00:49'),
(603, 149, 'Newton', 0, '2024-06-12 10:00:49', '2024-06-12 10:00:49'),
(604, 149, 'Horsepower', 1, '2024-06-12 10:00:49', '2024-06-12 10:00:49'),
(605, 150, 'Phản xạ', 0, '2024-06-12 10:00:49', '2024-06-12 10:00:49'),
(606, 150, 'Khúc xạ', 1, '2024-06-12 10:00:49', '2024-06-12 10:00:49'),
(607, 150, 'Tán xạ', 0, '2024-06-12 10:00:49', '2024-06-12 10:00:49'),
(608, 150, 'Khuếch tán', 0, '2024-06-12 10:00:49', '2024-06-12 10:00:49'),
(609, 151, '40V', 1, '2024-06-12 10:00:49', '2024-06-12 10:00:49'),
(610, 151, '30V', 0, '2024-06-12 10:00:49', '2024-06-12 10:00:49'),
(611, 151, '20V', 0, '2024-06-12 10:00:49', '2024-06-12 10:00:49'),
(612, 151, '50V', 0, '2024-06-12 10:00:49', '2024-06-12 10:00:49'),
(613, 152, 'Năng lượng thế năng', 0, '2024-06-12 10:00:49', '2024-06-12 10:00:49'),
(614, 152, 'Năng lượng động năng', 0, '2024-06-12 10:00:49', '2024-06-12 10:00:49'),
(615, 152, 'Năng lượng cơ học', 1, '2024-06-12 10:00:49', '2024-06-12 10:00:49'),
(616, 152, 'Năng lượng điện năng', 0, '2024-06-12 10:00:49', '2024-06-12 10:00:49'),
(617, 153, 'Quá trình phân rã phóng xạ', 0, '2024-06-12 10:00:49', '2024-06-12 10:00:49'),
(618, 153, 'Quá trình phân hủy sinh học', 0, '2024-06-12 10:00:49', '2024-06-12 10:00:49'),
(619, 153, 'Quá trình điện phân', 1, '2024-06-12 10:00:49', '2024-06-12 10:00:49'),
(620, 153, 'Quá trình phản ứng nhiệt hạch', 0, '2024-06-12 10:00:49', '2024-06-12 10:00:49'),
(621, 154, 'Lực hút giữa các vật thể có khối lượng', 1, '2024-06-12 10:11:38', '2024-06-12 10:11:38'),
(622, 154, 'Lực đẩy giữa các vật thể có khối lượng', 0, '2024-06-12 10:11:38', '2024-06-12 10:11:38'),
(623, 154, 'Lực ma sát giữa các vật thể', 0, '2024-06-12 10:11:38', '2024-06-12 10:11:38'),
(624, 154, 'Lực từ giữa các vật thể', 0, '2024-06-12 10:11:38', '2024-06-12 10:11:38'),
(625, 155, 'Khúc xạ', 1, '2024-06-12 10:11:38', '2024-06-12 10:11:38'),
(626, 155, 'Phản xạ', 0, '2024-06-12 10:11:38', '2024-06-12 10:11:38'),
(627, 155, 'Tán xạ', 0, '2024-06-12 10:11:38', '2024-06-12 10:11:38'),
(628, 155, 'Phân kỳ', 0, '2024-06-12 10:11:38', '2024-06-12 10:11:38'),
(629, 156, 'V = IR', 1, '2024-06-12 10:11:38', '2024-06-12 10:11:38'),
(630, 156, 'F = ma', 0, '2024-06-12 10:11:38', '2024-06-12 10:11:38'),
(631, 156, 'P = mv', 0, '2024-06-12 10:11:38', '2024-06-12 10:11:38'),
(632, 156, 'E = mc²', 0, '2024-06-12 10:11:38', '2024-06-12 10:11:38'),
(633, 157, '3.2 giây', 1, '2024-06-12 10:11:38', '2024-06-12 10:11:38'),
(634, 157, '5 giây', 0, '2024-06-12 10:11:38', '2024-06-12 10:11:38'),
(635, 157, '4 giây', 0, '2024-06-12 10:11:38', '2024-06-12 10:11:38'),
(636, 157, '2.5 giây', 0, '2024-06-12 10:11:38', '2024-06-12 10:11:38'),
(637, 158, 'E = mgh', 1, '2024-06-12 10:11:38', '2024-06-12 10:11:38'),
(638, 158, 'E = 1/2 mv²', 0, '2024-06-12 10:11:38', '2024-06-12 10:11:38'),
(639, 158, 'E = mc²', 0, '2024-06-12 10:11:38', '2024-06-12 10:11:38'),
(640, 158, 'E = I²Rt', 0, '2024-06-12 10:11:38', '2024-06-12 10:11:38'),
(641, 159, 'Joule (J)', 1, '2024-06-12 10:11:38', '2024-06-12 10:11:38'),
(642, 159, 'Newton (N)', 0, '2024-06-12 10:11:38', '2024-06-12 10:11:38'),
(643, 159, 'Watt (W)', 0, '2024-06-12 10:11:38', '2024-06-12 10:11:38'),
(644, 159, 'Pascal (Pa)', 0, '2024-06-12 10:11:38', '2024-06-12 10:11:38'),
(645, 160, '785 cm³', 1, '2024-06-12 10:11:38', '2024-06-12 10:11:38'),
(646, 160, '500 cm³', 0, '2024-06-12 10:11:38', '2024-06-12 10:11:38'),
(647, 160, '1000 cm³', 0, '2024-06-12 10:11:38', '2024-06-12 10:11:38'),
(648, 160, '314 cm³', 0, '2024-06-12 10:11:38', '2024-06-12 10:11:38'),
(649, 161, '2 A', 1, '2024-06-12 10:11:38', '2024-06-12 10:11:38'),
(650, 161, '5 A', 0, '2024-06-12 10:11:38', '2024-06-12 10:11:38'),
(651, 161, '1 A', 0, '2024-06-12 10:11:38', '2024-06-12 10:11:38'),
(652, 161, '4 A', 0, '2024-06-12 10:11:38', '2024-06-12 10:11:38'),
(653, 162, 'Hệ số dẫn nhiệt', 1, '2024-06-12 10:11:38', '2024-06-12 10:11:38'),
(654, 162, 'Khối lượng', 0, '2024-06-12 10:11:38', '2024-06-12 10:11:38'),
(655, 162, 'Độ dài', 0, '2024-06-12 10:11:38', '2024-06-12 10:11:38'),
(656, 162, 'Diện tích', 0, '2024-06-12 10:11:38', '2024-06-12 10:11:38'),
(657, 163, 'P1V1/T1 = P2V2/T2', 1, '2024-06-12 10:11:39', '2024-06-12 10:11:39'),
(658, 163, 'PV = nRT', 0, '2024-06-12 10:11:39', '2024-06-12 10:11:39'),
(659, 163, 'F = G (m1m2)/r²', 0, '2024-06-12 10:11:39', '2024-06-12 10:11:39'),
(660, 163, 'F = ma', 0, '2024-06-12 10:11:39', '2024-06-12 10:11:39'),
(661, 164, '98 N', 1, '2024-06-12 10:11:39', '2024-06-12 10:11:39'),
(662, 164, '10 N', 0, '2024-06-12 10:11:39', '2024-06-12 10:11:39'),
(663, 164, '50 N', 0, '2024-06-12 10:11:39', '2024-06-12 10:11:39'),
(664, 164, '100 N', 0, '2024-06-12 10:11:39', '2024-06-12 10:11:39'),
(665, 165, 'Tỷ số giữa công có ích và công toàn phần', 1, '2024-06-12 10:11:39', '2024-06-12 10:11:39'),
(666, 165, 'Công có ích', 0, '2024-06-12 10:11:39', '2024-06-12 10:11:39'),
(667, 165, 'Công toàn phần', 0, '2024-06-12 10:11:39', '2024-06-12 10:11:39'),
(668, 165, 'Năng lượng tiêu thụ', 0, '2024-06-12 10:11:39', '2024-06-12 10:11:39'),
(669, 166, 'Năng lượng động', 1, '2024-06-12 10:11:39', '2024-06-12 10:11:39'),
(670, 166, 'Năng lượng tĩnh', 0, '2024-06-12 10:11:39', '2024-06-12 10:11:39'),
(671, 166, 'Năng lượng tiềm năng', 0, '2024-06-12 10:11:39', '2024-06-12 10:11:39'),
(672, 166, 'Năng lượng tổng hợp', 0, '2024-06-12 10:11:39', '2024-06-12 10:11:39'),
(673, 167, 'Ánh sáng có một tần số cố định', 1, '2024-06-12 10:11:39', '2024-06-12 10:11:39'),
(674, 167, 'Ánh sáng gồm nhiều tần số', 0, '2024-06-12 10:11:39', '2024-06-12 10:11:39'),
(675, 167, 'Ánh sáng bị phân tán', 0, '2024-06-12 10:11:39', '2024-06-12 10:11:39'),
(676, 167, 'Ánh sáng bị phản xạ', 0, '2024-06-12 10:11:39', '2024-06-12 10:11:39'),
(677, 168, '90 W', 1, '2024-06-12 10:11:39', '2024-06-12 10:11:39'),
(678, 168, '30 W', 0, '2024-06-12 10:11:39', '2024-06-12 10:11:39'),
(679, 168, '10 W', 0, '2024-06-12 10:11:39', '2024-06-12 10:11:39'),
(680, 168, '60 W', 0, '2024-06-12 10:11:39', '2024-06-12 10:11:39'),
(681, 169, '4 m²', 1, '2024-06-12 10:11:39', '2024-06-12 10:11:39'),
(682, 169, '2 m²', 0, '2024-06-12 10:11:39', '2024-06-12 10:11:39'),
(683, 169, '8 m²', 0, '2024-06-12 10:11:39', '2024-06-12 10:11:39'),
(684, 169, '16 m²', 0, '2024-06-12 10:11:39', '2024-06-12 10:11:39'),
(685, 170, '100°C', 1, '2024-06-12 10:11:39', '2024-06-12 10:11:39'),
(686, 170, '0°C', 0, '2024-06-12 10:11:39', '2024-06-12 10:11:39'),
(687, 170, '50°C', 0, '2024-06-12 10:11:39', '2024-06-12 10:11:39'),
(688, 170, '200°C', 0, '2024-06-12 10:11:39', '2024-06-12 10:11:39'),
(689, 171, 'Tăng khi tiết diện giảm', 1, '2024-06-12 10:11:39', '2024-06-12 10:11:39'),
(690, 171, 'Giảm khi tiết diện giảm', 0, '2024-06-12 10:11:39', '2024-06-12 10:11:39'),
(691, 171, 'Không thay đổi', 0, '2024-06-12 10:11:39', '2024-06-12 10:11:39'),
(692, 171, 'Giảm khi tiết diện tăng', 0, '2024-06-12 10:11:39', '2024-06-12 10:11:39'),
(693, 172, '7 kg/m³', 0, '2024-06-12 10:11:39', '2024-06-12 10:18:55'),
(694, 172, '2 kg/m³', 1, '2024-06-12 10:11:39', '2024-06-12 10:19:01'),
(695, 172, '1 kg/m³', 0, '2024-06-12 10:11:39', '2024-06-12 10:11:39'),
(696, 172, '0.5 kg/m³', 0, '2024-06-12 10:11:39', '2024-06-12 10:11:39'),
(697, 173, 'Hertz (Hz)', 1, '2024-06-12 10:11:39', '2024-06-12 10:11:39'),
(698, 173, 'Newton (N)', 0, '2024-06-12 10:11:39', '2024-06-12 10:11:39'),
(699, 173, 'Joule (J)', 0, '2024-06-12 10:11:39', '2024-06-12 10:11:39'),
(700, 173, 'Watt (W)', 0, '2024-06-12 10:11:39', '2024-06-12 10:11:39'),
(701, 174, 'Một loại phân tử', 0, '2024-06-12 10:26:23', '2024-06-12 10:26:23'),
(702, 174, 'Một loại ion', 0, '2024-06-12 10:26:23', '2024-06-12 10:26:23'),
(703, 174, 'Đơn vị cơ bản của vật chất', 1, '2024-06-12 10:26:23', '2024-06-12 10:26:23'),
(704, 174, 'Một loại hợp chất', 0, '2024-06-12 10:26:23', '2024-06-12 10:26:23'),
(705, 175, 'CO2', 0, '2024-06-12 10:26:23', '2024-06-12 10:26:23'),
(706, 175, 'NaCl', 0, '2024-06-12 10:26:23', '2024-06-12 10:26:23'),
(707, 175, 'H2O', 1, '2024-06-12 10:26:23', '2024-06-12 10:26:23'),
(708, 175, 'H2SO4', 0, '2024-06-12 10:26:23', '2024-06-12 10:26:23'),
(709, 176, 'Oxy', 1, '2024-06-12 10:26:23', '2024-06-12 10:26:23'),
(710, 176, 'Nitơ', 0, '2024-06-12 10:26:23', '2024-06-12 10:26:23'),
(711, 176, 'Hydro', 0, '2024-06-12 10:26:23', '2024-06-12 10:26:23'),
(712, 176, 'Carbon', 0, '2024-06-12 10:26:23', '2024-06-12 10:26:23'),
(713, 177, 'Liên kết giữa các proton', 0, '2024-06-12 10:26:24', '2024-06-12 10:26:24'),
(714, 177, 'Liên kết giữa các phân tử', 0, '2024-06-12 10:26:24', '2024-06-12 10:26:24'),
(715, 177, 'Liên kết giữa các electron', 0, '2024-06-12 10:26:24', '2024-06-12 10:26:24'),
(716, 177, 'Liên kết giữa các ion dương và âm', 1, '2024-06-12 10:26:24', '2024-06-12 10:26:24'),
(717, 178, 'H2O2', 0, '2024-06-12 10:26:24', '2024-06-12 10:26:24'),
(718, 178, 'H2SO4', 1, '2024-06-12 10:26:24', '2024-06-12 10:26:24'),
(719, 178, 'HCl', 0, '2024-06-12 10:26:24', '2024-06-12 10:26:24'),
(720, 178, 'HNO3', 0, '2024-06-12 10:26:24', '2024-06-12 10:26:24'),
(721, 179, 'H2O + CO2 -> H2CO3', 0, '2024-06-12 10:26:24', '2024-06-12 10:26:24'),
(722, 179, 'NaCl + AgNO3 -> NaNO3 + AgCl', 0, '2024-06-12 10:26:24', '2024-06-12 10:26:24'),
(723, 179, 'CaCO3 -> CaO + CO2', 0, '2024-06-12 10:26:24', '2024-06-12 10:26:24'),
(724, 179, '2H2 + O2 -> 2H2O', 1, '2024-06-12 10:26:24', '2024-06-12 10:26:24'),
(725, 180, 'Kim loại dẫn điện tốt', 1, '2024-06-12 10:26:24', '2024-06-12 10:26:24'),
(726, 180, 'Kim loại không dẫn nhiệt', 0, '2024-06-12 10:26:24', '2024-06-12 10:26:24'),
(727, 180, 'Kim loại không có độ dẻo', 0, '2024-06-12 10:26:24', '2024-06-12 10:26:24'),
(728, 180, 'Kim loại không có ánh kim', 0, '2024-06-12 10:26:24', '2024-06-12 10:26:24'),
(729, 181, 'H2SO4 có tính oxy hóa mạnh', 1, '2024-06-12 10:26:24', '2024-06-12 10:26:24'),
(730, 181, 'H2SO4 là một bazơ', 0, '2024-06-12 10:26:24', '2024-06-12 10:26:24'),
(731, 181, 'H2SO4 không tan trong nước', 0, '2024-06-12 10:26:24', '2024-06-12 10:26:24'),
(732, 181, 'H2SO4 là một kim loại', 0, '2024-06-12 10:26:24', '2024-06-12 10:26:24'),
(733, 182, 'Boron', 1, '2024-06-12 10:26:24', '2024-06-12 10:26:24'),
(734, 182, 'Cacbon', 0, '2024-06-12 10:26:24', '2024-06-12 10:26:24'),
(735, 182, 'Oxy', 0, '2024-06-12 10:26:24', '2024-06-12 10:26:24'),
(736, 182, 'Nitơ', 0, '2024-06-12 10:26:24', '2024-06-12 10:26:24'),
(737, 183, 'Phản ứng giữa axit và bazơ tạo ra muối và nước', 1, '2024-06-12 10:26:24', '2024-06-12 10:26:24'),
(738, 183, 'Phản ứng giữa kim loại và phi kim', 0, '2024-06-12 10:26:24', '2024-06-12 10:26:24'),
(739, 183, 'Phản ứng giữa hai chất oxi hóa', 0, '2024-06-12 10:26:24', '2024-06-12 10:26:24'),
(740, 183, 'Phản ứng giữa khí và rắn', 0, '2024-06-12 10:26:24', '2024-06-12 10:26:24'),
(741, 184, 'NaCl', 1, '2024-06-12 10:26:24', '2024-06-12 10:26:24'),
(742, 184, 'H2O', 0, '2024-06-12 10:26:24', '2024-06-12 10:26:24'),
(743, 184, 'CO2', 0, '2024-06-12 10:26:24', '2024-06-12 10:26:24'),
(744, 184, 'NH3', 0, '2024-06-12 10:26:24', '2024-06-12 10:26:24'),
(745, 185, 'Liti', 1, '2024-06-12 10:26:24', '2024-06-12 10:26:24'),
(746, 185, 'Sắt', 0, '2024-06-12 10:26:24', '2024-06-12 10:26:24'),
(747, 185, 'Bạc', 0, '2024-06-12 10:26:24', '2024-06-12 10:26:24'),
(748, 185, 'Vàng', 0, '2024-06-12 10:26:24', '2024-06-12 10:26:24'),
(749, 186, 'Liên kết hình thành giữa các nguyên tử thông qua việc chia sẻ electron', 1, '2024-06-12 10:26:24', '2024-06-12 10:26:24'),
(750, 186, 'Liên kết giữa các phân tử nước', 0, '2024-06-12 10:26:24', '2024-06-12 10:26:24'),
(751, 186, 'Liên kết giữa các proton và electron', 0, '2024-06-12 10:26:24', '2024-06-12 10:26:24'),
(752, 186, 'Liên kết giữa ion dương và âm', 0, '2024-06-12 10:26:24', '2024-06-12 10:26:24'),
(753, 187, 'Hợp chất phân tử', 1, '2024-06-12 10:26:24', '2024-06-12 10:26:24'),
(754, 187, 'Hợp chất ion', 0, '2024-06-12 10:26:24', '2024-06-12 10:26:24'),
(755, 187, 'Kim loại', 0, '2024-06-12 10:26:24', '2024-06-12 10:26:24'),
(756, 187, 'Phi kim', 0, '2024-06-12 10:26:24', '2024-06-12 10:26:24'),
(757, 188, 'Oxy', 1, '2024-06-12 10:26:24', '2024-06-12 10:26:24'),
(758, 188, 'Sắt', 0, '2024-06-12 10:26:24', '2024-06-12 10:26:24'),
(759, 188, 'Đồng', 0, '2024-06-12 10:26:24', '2024-06-12 10:26:24'),
(760, 188, 'Chì', 0, '2024-06-12 10:26:24', '2024-06-12 10:26:24');
INSERT INTO `answers` (`id`, `question_id`, `content`, `is_correct`, `created_at`, `updated_at`) VALUES
(761, 189, 'CH4 + 2O2 -> CO2 + 2H2O', 1, '2024-06-12 10:26:24', '2024-06-12 10:26:24'),
(762, 189, 'CO2 + H2O -> H2CO3', 0, '2024-06-12 10:26:24', '2024-06-12 10:26:24'),
(763, 189, 'H2 + O2 -> H2O', 0, '2024-06-12 10:26:24', '2024-06-12 10:26:24'),
(764, 189, 'N2 + 3H2 -> 2NH3', 0, '2024-06-12 10:26:24', '2024-06-12 10:26:24'),
(765, 190, 'Silic', 1, '2024-06-12 10:26:24', '2024-06-12 10:26:24'),
(766, 190, 'Sắt', 0, '2024-06-12 10:26:24', '2024-06-12 10:26:24'),
(767, 190, 'Oxy', 0, '2024-06-12 10:26:24', '2024-06-12 10:26:24'),
(768, 190, 'Niken', 0, '2024-06-12 10:26:24', '2024-06-12 10:26:24'),
(769, 191, 'Phản ứng trong đó sản phẩm là một chất không tan trong nước', 1, '2024-06-12 10:26:24', '2024-06-12 10:26:24'),
(770, 191, 'Phản ứng giữa axit và kim loại', 0, '2024-06-12 10:26:24', '2024-06-12 10:26:24'),
(771, 191, 'Phản ứng giữa hai khí', 0, '2024-06-12 10:26:24', '2024-06-12 10:26:24'),
(772, 191, 'Phản ứng tạo ra khí', 0, '2024-06-12 10:26:24', '2024-06-12 10:26:24'),
(773, 192, 'Cacbon', 1, '2024-06-12 10:26:24', '2024-06-12 10:26:24'),
(774, 192, 'Helium', 0, '2024-06-12 10:26:24', '2024-06-12 10:26:24'),
(775, 192, 'Hydro', 0, '2024-06-12 10:26:24', '2024-06-12 10:26:24'),
(776, 192, 'Krypton', 0, '2024-06-12 10:26:24', '2024-06-12 10:26:24'),
(777, 193, 'Thủy ngân', 1, '2024-06-12 10:26:25', '2024-06-12 10:26:25'),
(778, 193, 'Sắt', 0, '2024-06-12 10:26:25', '2024-06-12 10:26:25'),
(779, 193, 'Đồng', 0, '2024-06-12 10:26:25', '2024-06-12 10:26:25'),
(780, 193, 'Vàng', 0, '2024-06-12 10:26:25', '2024-06-12 10:26:25'),
(781, 194, 'Oxy', 0, '2024-06-12 10:37:36', '2024-06-12 10:37:36'),
(782, 194, 'Helium', 1, '2024-06-12 10:37:36', '2024-06-12 10:37:36'),
(783, 194, 'Carbon', 0, '2024-06-12 10:37:36', '2024-06-12 10:37:36'),
(784, 194, 'Nitơ', 0, '2024-06-12 10:37:36', '2024-06-12 10:37:36'),
(785, 195, 'H2O', 0, '2024-06-12 10:37:36', '2024-06-12 10:37:36'),
(786, 195, 'CO2', 0, '2024-06-12 10:37:36', '2024-06-12 10:37:36'),
(787, 195, 'O2', 0, '2024-06-12 10:37:36', '2024-06-12 10:37:36'),
(788, 195, 'CH4', 1, '2024-06-12 10:37:36', '2024-06-12 10:37:36'),
(789, 196, 'Carbon', 0, '2024-06-12 10:37:36', '2024-06-12 10:37:36'),
(790, 196, 'Helium', 0, '2024-06-12 10:37:36', '2024-06-12 10:37:36'),
(791, 196, 'Lithium', 0, '2024-06-12 10:37:36', '2024-06-12 10:37:36'),
(792, 196, 'Hydro', 1, '2024-06-12 10:37:36', '2024-06-12 10:37:36'),
(793, 197, 'NaCl + AgNO3 -> NaNO3 + AgCl', 0, '2024-06-12 10:37:36', '2024-06-12 10:37:36'),
(794, 197, 'CaCO3 -> CaO + CO2', 1, '2024-06-12 10:37:36', '2024-06-12 10:37:36'),
(795, 197, '2H2 + O2 -> 2H2O', 0, '2024-06-12 10:37:36', '2024-06-12 10:37:36'),
(796, 197, 'H2 + Cl2 -> 2HCl', 0, '2024-06-12 10:37:36', '2024-06-12 10:37:36'),
(797, 198, 'Carbon', 1, '2024-06-12 10:37:36', '2024-06-12 10:37:36'),
(798, 198, 'Oxy', 0, '2024-06-12 10:37:36', '2024-06-12 10:37:36'),
(799, 198, 'Nitơ', 0, '2024-06-12 10:37:36', '2024-06-12 10:37:36'),
(800, 198, 'Hydro', 0, '2024-06-12 10:37:36', '2024-06-12 10:37:36'),
(801, 199, 'Liên kết hydro', 0, '2024-06-12 10:37:36', '2024-06-12 10:37:36'),
(802, 199, 'Liên kết cộng hóa trị', 1, '2024-06-12 10:37:36', '2024-06-12 10:37:36'),
(803, 199, 'Liên kết ion', 0, '2024-06-12 10:37:36', '2024-06-12 10:37:36'),
(804, 199, 'Liên kết kim loại', 0, '2024-06-12 10:37:36', '2024-06-12 10:37:36'),
(805, 200, 'mol', 0, '2024-06-12 10:37:36', '2024-06-12 10:37:36'),
(806, 200, 'kg', 0, '2024-06-12 10:37:36', '2024-06-12 10:37:36'),
(807, 200, 'g/mol', 1, '2024-06-12 10:37:36', '2024-06-12 10:37:36'),
(808, 200, 'mg', 0, '2024-06-12 10:37:36', '2024-06-12 10:37:36'),
(809, 201, 'Carbon', 0, '2024-06-12 10:37:36', '2024-06-12 10:37:36'),
(810, 201, 'Natri', 0, '2024-06-12 10:37:36', '2024-06-12 10:37:36'),
(811, 201, 'Sắt', 1, '2024-06-12 10:37:36', '2024-06-12 10:37:36'),
(812, 201, 'Liti', 0, '2024-06-12 10:37:36', '2024-06-12 10:37:36'),
(813, 202, '1s² 2s² 2p⁶ 2p²', 0, '2024-06-12 10:37:37', '2024-06-12 10:37:37'),
(814, 202, '1s² 2s² 2p⁶ 3s¹', 1, '2024-06-12 10:37:37', '2024-06-12 10:37:37'),
(815, 202, '1s² 2s² 2p⁶ 3p¹', 0, '2024-06-12 10:37:37', '2024-06-12 10:37:37'),
(816, 202, '1s² 2s² 2p⁴', 0, '2024-06-12 10:37:37', '2024-06-12 10:37:37'),
(817, 203, 'Phản ứng trong đó chất phức tạp phân hủy thành các chất đơn giản', 0, '2024-06-12 10:37:37', '2024-06-12 10:37:37'),
(818, 203, 'Phản ứng giữa hai chất lỏng', 0, '2024-06-12 10:37:37', '2024-06-12 10:37:37'),
(819, 203, 'Phản ứng tạo ra chất mới từ chất ban đầu', 0, '2024-06-12 10:37:37', '2024-06-12 10:37:37'),
(820, 203, 'Phản ứng trong đó các chất đơn giản kết hợp với nhau tạo thành chất phức tạp hơn', 1, '2024-06-12 10:37:37', '2024-06-12 10:37:37'),
(821, 204, 'H2O', 0, '2024-06-12 10:37:37', '2024-06-12 10:37:37'),
(822, 204, 'HCl', 1, '2024-06-12 10:37:37', '2024-06-12 10:37:37'),
(823, 204, 'NaCl', 0, '2024-06-12 10:37:37', '2024-06-12 10:37:37'),
(824, 204, 'CO2', 0, '2024-06-12 10:37:37', '2024-06-12 10:37:37'),
(825, 205, 'Kẽm', 0, '2024-06-12 10:37:37', '2024-06-12 10:37:37'),
(826, 205, 'Sắt', 1, '2024-06-12 10:37:37', '2024-06-12 10:37:37'),
(827, 205, 'Đồng', 0, '2024-06-12 10:37:37', '2024-06-12 10:37:37'),
(828, 205, 'Vàng', 0, '2024-06-12 10:37:37', '2024-06-12 10:37:37'),
(829, 206, 'Natri', 0, '2024-06-12 10:37:37', '2024-06-12 10:37:37'),
(830, 206, 'Kali', 0, '2024-06-12 10:37:37', '2024-06-12 10:37:37'),
(831, 206, 'Flo', 1, '2024-06-12 10:37:37', '2024-06-12 10:37:37'),
(832, 206, 'Bạc', 0, '2024-06-12 10:37:37', '2024-06-12 10:37:37'),
(833, 207, 'Liên kết giữa các phân tử hydro', 0, '2024-06-12 10:37:37', '2024-06-12 10:37:37'),
(834, 207, 'Liên kết giữa hydro và oxy trong nước', 0, '2024-06-12 10:37:37', '2024-06-12 10:37:37'),
(835, 207, 'Liên kết hình thành khi một nguyên tử hydro liên kết với nguyên tử có độ âm điện lớn', 1, '2024-06-12 10:37:37', '2024-06-12 10:37:37'),
(836, 207, 'Liên kết giữa các nguyên tử trong phân tử hydro', 0, '2024-06-12 10:37:37', '2024-06-12 10:37:37'),
(837, 208, 'Phản ứng giữa chất rắn và chất lỏng', 0, '2024-06-12 10:37:37', '2024-06-12 10:37:37'),
(838, 208, 'Phản ứng phân hủy tạo ra khí', 0, '2024-06-12 10:37:37', '2024-06-12 10:37:37'),
(839, 208, 'Phản ứng giữa hai chất tạo ra nước', 0, '2024-06-12 10:37:37', '2024-06-12 10:37:37'),
(840, 208, 'Phản ứng giữa một chất và oxy tạo ra năng lượng', 1, '2024-06-12 10:37:37', '2024-06-12 10:37:37'),
(841, 209, 'Nhôm', 0, '2024-06-12 10:37:37', '2024-06-12 10:37:37'),
(842, 209, 'Đồng', 0, '2024-06-12 10:37:37', '2024-06-12 10:37:37'),
(843, 209, 'Bạc', 1, '2024-06-12 10:37:37', '2024-06-12 10:37:37'),
(844, 209, 'Sắt', 0, '2024-06-12 10:37:37', '2024-06-12 10:37:37'),
(845, 210, 'NaCl', 1, '2024-06-12 10:37:37', '2024-06-12 10:37:37'),
(846, 210, 'KCl', 0, '2024-06-12 10:37:37', '2024-06-12 10:37:37'),
(847, 210, 'HCl', 0, '2024-06-12 10:37:37', '2024-06-12 10:37:37'),
(848, 210, 'NH4Cl', 0, '2024-06-12 10:37:37', '2024-06-12 10:37:37'),
(849, 211, 'Hydro', 0, '2024-06-12 10:37:37', '2024-06-12 10:37:37'),
(850, 211, 'Helium', 1, '2024-06-12 10:37:37', '2024-06-12 10:37:37'),
(851, 211, 'Oxy', 0, '2024-06-12 10:37:37', '2024-06-12 10:37:37'),
(852, 211, 'Carbon', 0, '2024-06-12 10:37:37', '2024-06-12 10:37:37'),
(853, 212, 'Phản ứng giữa hai chất', 0, '2024-06-12 10:37:37', '2024-06-12 10:37:37'),
(854, 212, 'Phản ứng phân hủy', 0, '2024-06-12 10:37:37', '2024-06-12 10:37:37'),
(855, 212, 'Phản ứng trong đó một chất mất electron', 1, '2024-06-12 10:37:37', '2024-06-12 10:37:37'),
(856, 212, 'Phản ứng tạo ra nước', 0, '2024-06-12 10:37:37', '2024-06-12 10:37:37'),
(857, 213, 'Wolfram', 1, '2024-06-12 10:37:37', '2024-06-12 10:37:37'),
(858, 213, 'Sắt', 0, '2024-06-12 10:37:37', '2024-06-12 10:37:37'),
(859, 213, 'Bạc', 0, '2024-06-12 10:37:37', '2024-06-12 10:37:37'),
(860, 213, 'Đồng', 0, '2024-06-12 10:37:37', '2024-06-12 10:37:37'),
(861, 214, 'Sắt', 0, '2024-06-12 10:45:36', '2024-06-12 10:45:36'),
(862, 214, 'Đồng', 0, '2024-06-12 10:45:36', '2024-06-12 10:45:36'),
(863, 214, 'Lưu huỳnh', 1, '2024-06-12 10:45:36', '2024-06-12 10:45:36'),
(864, 214, 'Kẽm', 0, '2024-06-12 10:45:36', '2024-06-12 10:45:36'),
(865, 215, 'NaCl', 0, '2024-06-12 10:45:36', '2024-06-12 10:45:36'),
(866, 215, 'CO2', 0, '2024-06-12 10:45:36', '2024-06-12 10:45:36'),
(867, 215, 'CH4', 0, '2024-06-12 10:45:36', '2024-06-12 10:45:36'),
(868, 215, 'H2O', 1, '2024-06-12 10:45:36', '2024-06-12 10:45:36'),
(869, 216, 'Hydro', 0, '2024-06-12 10:45:36', '2024-06-12 10:45:36'),
(870, 216, 'Oxy', 0, '2024-06-12 10:45:36', '2024-06-12 10:45:36'),
(871, 216, 'Helium', 1, '2024-06-12 10:45:36', '2024-06-12 10:45:36'),
(872, 216, 'Lithium', 0, '2024-06-12 10:45:36', '2024-06-12 10:45:36'),
(873, 217, 'Phản ứng giữa kim loại và phi kim', 0, '2024-06-12 10:45:36', '2024-06-12 10:45:36'),
(874, 217, 'Phản ứng phân hủy', 0, '2024-06-12 10:45:36', '2024-06-12 10:45:36'),
(875, 217, 'Phản ứng giữa axit và bazơ tạo thành muối và nước', 1, '2024-06-12 10:45:36', '2024-06-12 10:45:36'),
(876, 217, 'Phản ứng tổng hợp', 0, '2024-06-12 10:45:36', '2024-06-12 10:45:36'),
(877, 218, 'Flo', 0, '2024-06-12 10:45:36', '2024-06-12 10:45:36'),
(878, 218, 'Nitơ', 0, '2024-06-12 10:45:36', '2024-06-12 10:45:36'),
(879, 218, 'Lưu huỳnh', 1, '2024-06-12 10:45:36', '2024-06-12 10:45:36'),
(880, 218, 'Cacbon', 0, '2024-06-12 10:45:36', '2024-06-12 10:45:36'),
(881, 219, 'Liên kết hydro', 0, '2024-06-12 10:45:36', '2024-06-12 10:45:36'),
(882, 219, 'Liên kết ion', 1, '2024-06-12 10:45:36', '2024-06-12 10:45:36'),
(883, 219, 'Liên kết cộng hóa trị', 0, '2024-06-12 10:45:36', '2024-06-12 10:45:36'),
(884, 219, 'Liên kết kim loại', 0, '2024-06-12 10:45:36', '2024-06-12 10:45:36'),
(885, 220, 'g', 0, '2024-06-12 10:45:37', '2024-06-12 10:45:37'),
(886, 220, 'kg/mol', 0, '2024-06-12 10:45:37', '2024-06-12 10:45:37'),
(887, 220, 'mol/L', 1, '2024-06-12 10:45:37', '2024-06-12 10:45:37'),
(888, 220, 'mol', 0, '2024-06-12 10:45:37', '2024-06-12 10:45:37'),
(889, 221, 'Sắt', 0, '2024-06-12 10:45:37', '2024-06-12 10:45:37'),
(890, 221, 'Natri', 0, '2024-06-12 10:45:37', '2024-06-12 10:45:37'),
(891, 221, 'Kẽm', 0, '2024-06-12 10:45:37', '2024-06-12 10:45:37'),
(892, 221, 'Canxi', 1, '2024-06-12 10:45:37', '2024-06-12 10:45:37'),
(893, 222, '1s² 2s² 2p⁶', 0, '2024-06-12 10:45:37', '2024-06-12 10:45:37'),
(894, 222, '1s² 2s² 2p²', 0, '2024-06-12 10:45:37', '2024-06-12 10:45:37'),
(895, 222, '1s² 2p⁴', 0, '2024-06-12 10:45:37', '2024-06-12 10:45:37'),
(896, 222, '1s² 2s² 2p⁴', 1, '2024-06-12 10:45:37', '2024-06-12 10:45:37'),
(897, 223, 'Phản ứng giữa hai chất lỏng', 0, '2024-06-12 10:45:37', '2024-06-12 10:45:37'),
(898, 223, 'Phản ứng tổng hợp', 0, '2024-06-12 10:45:37', '2024-06-12 10:45:37'),
(899, 223, 'Phản ứng phân hủy', 0, '2024-06-12 10:45:37', '2024-06-12 10:45:37'),
(900, 223, 'Phản ứng trong đó chất bị oxi hóa mất electron', 1, '2024-06-12 10:45:37', '2024-06-12 10:45:37'),
(901, 224, 'H2SO4', 0, '2024-06-12 10:45:37', '2024-06-12 10:45:37'),
(902, 224, 'HNO3', 1, '2024-06-12 10:45:37', '2024-06-12 10:45:37'),
(903, 224, 'HCl', 0, '2024-06-12 10:45:37', '2024-06-12 10:45:37'),
(904, 224, 'NaOH', 0, '2024-06-12 10:45:37', '2024-06-12 10:45:37'),
(905, 225, 'Kali', 0, '2024-06-12 10:45:37', '2024-06-12 10:45:37'),
(906, 225, 'Natri', 0, '2024-06-12 10:45:37', '2024-06-12 10:45:37'),
(907, 225, 'Magie', 1, '2024-06-12 10:45:37', '2024-06-12 10:45:37'),
(908, 225, 'Canxi', 0, '2024-06-12 10:45:37', '2024-06-12 10:45:37'),
(909, 226, 'Natri', 0, '2024-06-12 10:45:37', '2024-06-12 10:45:37'),
(910, 226, 'Kali', 0, '2024-06-12 10:45:37', '2024-06-12 10:45:37'),
(911, 226, 'Neon', 1, '2024-06-12 10:45:37', '2024-06-12 10:45:37'),
(912, 226, 'Magie', 0, '2024-06-12 10:45:37', '2024-06-12 10:45:37'),
(913, 227, 'Liên kết giữa proton và neutron', 0, '2024-06-12 10:45:37', '2024-06-12 10:45:37'),
(914, 227, 'Liên kết giữa các phân tử nước', 0, '2024-06-12 10:45:37', '2024-06-12 10:45:37'),
(915, 227, 'Liên kết giữa các nguyên tử trong phân tử hydro', 0, '2024-06-12 10:45:37', '2024-06-12 10:45:37'),
(916, 227, 'Liên kết hình thành giữa các ion dương và âm', 1, '2024-06-12 10:45:37', '2024-06-12 10:45:37'),
(917, 228, 'H2O + CO2 -> H2CO3', 0, '2024-06-12 10:45:37', '2024-06-12 10:45:37'),
(918, 228, 'Fe + CuSO4 -> FeSO4 + Cu', 1, '2024-06-12 10:45:37', '2024-06-12 10:45:37'),
(919, 228, 'C6H12O6 -> 6CO2 + 6H2O', 0, '2024-06-12 10:45:37', '2024-06-12 10:45:37'),
(920, 228, 'H2 + O2 -> 2H2O', 0, '2024-06-12 10:45:37', '2024-06-12 10:45:37'),
(921, 229, 'Sắt', 0, '2024-06-12 10:45:37', '2024-06-12 10:45:37'),
(922, 229, 'Đồng', 0, '2024-06-12 10:45:37', '2024-06-12 10:45:37'),
(923, 229, 'Bạc', 1, '2024-06-12 10:45:37', '2024-06-12 10:45:37'),
(924, 229, 'Vàng', 0, '2024-06-12 10:45:37', '2024-06-12 10:45:37'),
(925, 230, 'CH4', 0, '2024-06-12 10:45:37', '2024-06-12 10:45:37'),
(926, 230, 'NaCl', 0, '2024-06-12 10:45:37', '2024-06-12 10:45:37'),
(927, 230, 'H2O', 0, '2024-06-12 10:45:37', '2024-06-12 10:45:37'),
(928, 230, 'CO2', 1, '2024-06-12 10:45:37', '2024-06-12 10:45:37'),
(929, 231, 'Natri', 0, '2024-06-12 10:45:37', '2024-06-12 10:45:37'),
(930, 231, 'Neon', 1, '2024-06-12 10:45:37', '2024-06-12 10:45:37'),
(931, 231, 'Oxy', 0, '2024-06-12 10:45:37', '2024-06-12 10:45:37'),
(932, 231, 'Kali', 0, '2024-06-12 10:45:37', '2024-06-12 10:45:37'),
(933, 232, 'Phản ứng giữa hai chất khí', 0, '2024-06-12 10:45:37', '2024-06-12 10:45:37'),
(934, 232, 'Phản ứng phân hủy', 0, '2024-06-12 10:45:37', '2024-06-12 10:45:37'),
(935, 232, 'Phản ứng giữa chất lỏng và chất rắn', 0, '2024-06-12 10:45:37', '2024-06-12 10:45:37'),
(936, 232, 'Phản ứng trong đó sản phẩm là một chất không tan trong nước', 1, '2024-06-12 10:45:37', '2024-06-12 10:45:37'),
(937, 233, 'Oxy', 0, '2024-06-12 10:45:37', '2024-06-12 10:45:37'),
(938, 233, 'Hydro', 0, '2024-06-12 10:45:37', '2024-06-12 10:45:37'),
(939, 233, 'Helium', 1, '2024-06-12 10:45:37', '2024-06-12 10:45:37'),
(940, 233, 'Nitơ', 0, '2024-06-12 10:45:37', '2024-06-12 10:45:37');

-- --------------------------------------------------------

--
-- Cấu trúc bảng cho bảng `audio_files`
--

CREATE TABLE `audio_files` (
  `id` int(10) UNSIGNED NOT NULL,
  `file_name` varchar(255) NOT NULL,
  `file_path` varchar(255) NOT NULL,
  `file_size` bigint(20) NOT NULL,
  `format` varchar(10) NOT NULL,
  `duration` int(11) NOT NULL,
  `uploaded_at` timestamp NOT NULL DEFAULT current_timestamp(),
  `description` text DEFAULT NULL
) ENGINE=InnoDB DEFAULT CHARSET=utf8mb4 COLLATE=utf8mb4_unicode_ci;

--
-- Đang đổ dữ liệu cho bảng `audio_files`
--

INSERT INTO `audio_files` (`id`, `file_name`, `file_path`, `file_size`, `format`, `duration`, `uploaded_at`, `description`) VALUES
(1, 'test11.mp3', 'uploads/audio/test11.mp3', 1024000, 'mp3', 240, '2024-06-10 09:54:22', 'Bài nghe tiếng anh thứ 11.'),
(2, 'song2.wav', 'uploads/audio/song2.wav', 2048000, 'wav', 300, '2024-06-10 09:54:22', 'Bản nhạc rock cổ điển.'),
(3, 'song3.mp3', 'uploads/audio/song3.mp3', 3072000, 'mp3', 180, '2024-06-10 09:54:22', 'Bản nhạc thư giãn.'),
(4, 'song4.flac', 'uploads/audio/song4.flac', 5120000, 'flac', 400, '2024-06-10 09:54:22', 'Bản nhạc chất lượng cao.'),
(5, 'song5.aac', 'uploads/audio/song5.aac', 1536000, 'aac', 200, '2024-06-10 09:54:22', 'Bản nhạc từ buổi biểu diễn trực tiếp.'),
(6, 'song6.mp3', 'uploads/audio/song6.mp3', 1024000, 'mp3', 220, '2024-06-10 09:54:22', 'Bản nhạc cổ điển.'),
(7, 'song7.wav', 'uploads/audio/song7.wav', 4096000, 'wav', 260, '2024-06-10 09:54:22', 'Bản nhạc jazz tuyệt vời.'),
(8, 'song8.mp3', 'uploads/audio/song8.mp3', 819200, 'mp3', 150, '2024-06-10 09:54:22', 'Bản nhạc điện tử sôi động.'),
(9, 'song9.ogg', 'uploads/audio/song9.ogg', 1024000, 'ogg', 210, '2024-06-10 09:54:22', 'Bản nhạc thử nghiệm.'),
(10, 'song10.mp3', 'uploads/audio/song10.mp3', 1024000, 'mp3', 180, '2024-06-10 09:54:22', 'Bản nhạc cho buổi tập thể dục.'),
(11, 'song11.flac', 'uploads/audio/song11.flac', 6144000, 'flac', 340, '2024-06-10 09:54:22', 'Bản nhạc chất lượng cao nhất.'),
(12, 'song12.aac', 'uploads/audio/song12.aac', 2048000, 'aac', 270, '2024-06-10 09:54:22', 'Bản nhạc từ album mới nhất.'),
(13, 'song13.mp3', 'uploads/audio/song13.mp3', 1024000, 'mp3', 190, '2024-06-10 09:54:22', 'Bản nhạc yêu thích từ thập niên 80.'),
(14, 'song14.wav', 'uploads/audio/song14.wav', 3072000, 'wav', 320, '2024-06-10 09:54:22', 'Bản nhạc cover từ buổi biểu diễn.'),
(15, 'song15.ogg', 'uploads/audio/song15.ogg', 1024000, 'ogg', 210, '2024-06-10 09:54:22', 'Bản nhạc thử nghiệm khác.');

-- --------------------------------------------------------

--
-- Cấu trúc bảng cho bảng `difficulty_levels`
--

CREATE TABLE `difficulty_levels` (
  `difficulty_level` int(11) NOT NULL,
  `description` varchar(255) DEFAULT NULL
) ENGINE=InnoDB DEFAULT CHARSET=utf8mb4 COLLATE=utf8mb4_unicode_ci;

--
-- Đang đổ dữ liệu cho bảng `difficulty_levels`
--

INSERT INTO `difficulty_levels` (`difficulty_level`, `description`) VALUES
(1, 'Dễ'),
(2, 'Trung Bình'),
(3, 'Khó');

-- --------------------------------------------------------

--
-- Cấu trúc bảng cho bảng `exam_histories`
--

CREATE TABLE `exam_histories` (
  `id` int(11) NOT NULL,
  `user_id` int(11) NOT NULL,
  `exam_id` int(11) NOT NULL,
  `score` int(11) DEFAULT NULL,
  `created_at` timestamp NOT NULL DEFAULT current_timestamp(),
  `updated_at` timestamp NOT NULL DEFAULT current_timestamp() ON UPDATE current_timestamp(),
  `exam_duration` varchar(255) DEFAULT NULL,
  `content` longtext CHARACTER SET utf8mb4 COLLATE utf8mb4_bin DEFAULT NULL CHECK (json_valid(`content`))
) ENGINE=InnoDB DEFAULT CHARSET=utf8mb4 COLLATE=utf8mb4_unicode_ci;

--
-- Đang đổ dữ liệu cho bảng `exam_histories`
--

INSERT INTO `exam_histories` (`id`, `user_id`, `exam_id`, `score`, `created_at`, `updated_at`, `exam_duration`, `content`) VALUES
(1, 4, 8, NULL, '2024-06-13 02:30:00', '2024-06-13 02:30:00', NULL, NULL),
(2, 4, 3, NULL, '2024-06-13 02:31:33', '2024-06-13 02:31:33', NULL, NULL),
(3, 4, 1, NULL, '2024-06-13 02:34:37', '2024-06-13 02:34:37', NULL, NULL),
(4, 4, 1, 9, '2024-06-13 02:40:25', '2024-06-13 02:42:17', NULL, NULL),
(5, 4, 10, 2, '2024-06-13 02:49:01', '2024-06-13 02:50:57', NULL, NULL),
(6, 5, 3, 3, '2024-06-13 06:11:18', '2024-06-13 06:11:50', NULL, NULL),
(7, 5, 5, 6, '2024-06-13 06:12:25', '2024-06-13 06:12:42', NULL, NULL),
(8, 5, 8, NULL, '2024-06-13 07:37:51', '2024-06-13 07:37:51', NULL, NULL),
(9, 5, 1, 1, '2024-06-13 07:53:19', '2024-06-13 07:54:26', NULL, NULL),
(10, 5, 1, 3, '2024-06-13 07:54:55', '2024-06-13 07:55:05', NULL, NULL),
(11, 5, 4, 4, '2024-06-13 07:58:30', '2024-06-13 08:00:45', NULL, NULL),
(12, 5, 1, 5, '2024-06-13 08:02:12', '2024-06-13 08:02:25', NULL, NULL),
(13, 5, 1, 10, '2024-06-13 08:21:56', '2024-06-13 08:24:04', NULL, NULL),
(14, 4, 1, 8, '2024-06-13 22:29:44', '2024-06-13 22:30:48', NULL, NULL),
(15, 4, 1, 3, '2024-06-13 23:25:40', '2024-06-13 23:25:51', NULL, NULL),
(16, 4, 1, 0, '2024-06-13 23:50:30', '2024-06-13 23:50:30', NULL, NULL),
(17, 4, 1, 0, '2024-06-13 23:50:30', '2024-06-13 23:50:30', NULL, NULL),
(18, 4, 1, 0, '2024-06-13 23:50:30', '2024-06-13 23:50:30', NULL, NULL),
(19, 4, 1, 0, '2024-06-13 23:50:30', '2024-06-13 23:50:30', NULL, NULL),
(20, 4, 1, 1, '2024-06-13 23:50:30', '2024-06-13 23:50:30', NULL, NULL),
(21, 4, 1, 1, '2024-06-13 23:50:30', '2024-06-13 23:50:30', NULL, NULL),
(22, 4, 1, 1, '2024-06-13 23:50:31', '2024-06-13 23:50:31', NULL, NULL),
(23, 4, 1, 1, '2024-06-13 23:50:31', '2024-06-13 23:50:31', NULL, NULL),
(24, 4, 1, 2, '2024-06-13 23:50:31', '2024-06-13 23:50:31', NULL, NULL),
(25, 4, 1, 3, '2024-06-13 23:50:31', '2024-06-13 23:50:31', NULL, NULL),
(26, 4, 1, 0, '2024-06-13 23:55:00', '2024-06-13 23:55:00', NULL, NULL),
(27, 4, 1, 0, '2024-06-13 23:55:00', '2024-06-13 23:55:00', NULL, NULL),
(28, 4, 1, 0, '2024-06-13 23:55:00', '2024-06-13 23:55:00', NULL, NULL),
(29, 4, 1, 0, '2024-06-13 23:55:00', '2024-06-13 23:55:00', NULL, NULL),
(30, 4, 1, 1, '2024-06-13 23:55:00', '2024-06-13 23:55:00', NULL, NULL),
(31, 4, 1, 1, '2024-06-13 23:55:00', '2024-06-13 23:55:00', NULL, NULL),
(32, 4, 1, 1, '2024-06-13 23:55:00', '2024-06-13 23:55:00', NULL, NULL),
(33, 4, 1, 1, '2024-06-13 23:55:00', '2024-06-13 23:55:00', NULL, NULL),
(34, 4, 1, 2, '2024-06-13 23:55:00', '2024-06-13 23:55:00', NULL, NULL),
(35, 4, 1, 3, '2024-06-13 23:55:00', '2024-06-13 23:55:00', NULL, NULL),
(36, 4, 11, 1, '2024-06-14 00:00:00', '2024-06-14 00:00:00', NULL, NULL),
(37, 4, 11, 1, '2024-06-14 00:00:00', '2024-06-14 00:00:00', NULL, NULL),
(38, 4, 11, 1, '2024-06-14 00:00:00', '2024-06-14 00:00:00', NULL, NULL),
(39, 4, 11, 1, '2024-06-14 00:00:00', '2024-06-14 00:00:00', NULL, NULL),
(40, 4, 11, 1, '2024-06-14 00:00:00', '2024-06-14 00:00:00', NULL, NULL),
(41, 4, 11, 2, '2024-06-14 00:00:00', '2024-06-14 00:00:00', NULL, NULL),
(42, 4, 11, 3, '2024-06-14 00:00:00', '2024-06-14 00:00:00', NULL, NULL),
(43, 4, 11, 3, '2024-06-14 00:00:00', '2024-06-14 00:00:00', NULL, NULL),
(44, 4, 11, 3, '2024-06-14 00:00:00', '2024-06-14 00:00:00', NULL, NULL),
(45, 4, 11, 3, '2024-06-14 00:00:01', '2024-06-14 00:00:01', NULL, NULL),
(46, 4, 9, 0, '2024-06-14 00:01:13', '2024-06-14 00:01:13', NULL, NULL),
(47, 4, 9, 0, '2024-06-14 00:01:13', '2024-06-14 00:01:13', NULL, NULL),
(48, 4, 9, 0, '2024-06-14 00:01:13', '2024-06-14 00:01:13', NULL, NULL),
(49, 4, 9, 0, '2024-06-14 00:01:13', '2024-06-14 00:01:13', NULL, NULL),
(50, 4, 9, 1, '2024-06-14 00:01:13', '2024-06-14 00:01:13', NULL, NULL),
(51, 4, 9, 1, '2024-06-14 00:01:13', '2024-06-14 00:01:13', NULL, NULL),
(52, 4, 9, 1, '2024-06-14 00:01:13', '2024-06-14 00:01:13', NULL, NULL),
(53, 4, 9, 2, '2024-06-14 00:01:13', '2024-06-14 00:01:13', NULL, NULL),
(54, 4, 9, 2, '2024-06-14 00:01:13', '2024-06-14 00:01:13', NULL, NULL),
(55, 4, 9, 2, '2024-06-14 00:01:14', '2024-06-14 00:01:14', NULL, NULL),
(56, 4, 6, 6, '2024-06-14 00:04:37', '2024-06-14 00:04:37', NULL, NULL),
(57, 4, 2, 4, '2024-06-14 00:12:32', '2024-06-14 00:12:32', NULL, NULL),
(58, 4, 2, 5, '2024-06-14 00:15:00', '2024-06-14 00:15:00', NULL, NULL),
(59, 4, 2, 8, '2024-06-14 00:21:12', '2024-06-14 00:21:12', NULL, NULL),
(60, 4, 11, 4, '2024-06-14 06:49:06', '2024-06-14 06:49:06', NULL, NULL),
(61, 4, 7, 1, '2024-06-14 06:56:43', '2024-06-14 06:56:43', NULL, NULL),
(62, 4, 3, 3, '2024-06-14 07:29:46', '2024-06-14 07:29:46', '0', NULL),
(63, 4, 3, 8, '2024-06-14 07:38:03', '2024-06-14 07:38:03', '0', NULL),
(64, 4, 3, 8, '2024-06-14 07:38:05', '2024-06-14 07:38:05', '0', NULL),
(65, 4, 1, 8, '2024-06-14 07:44:15', '2024-06-14 07:44:15', NULL, NULL),
(66, 4, 4, 4, '2024-06-14 07:47:47', '2024-06-14 07:47:47', '11', NULL),
(67, 4, 5, 2, '2024-06-14 07:50:12', '2024-06-14 07:50:12', '94', NULL),
(68, 4, 8, 3, '2024-06-14 07:57:35', '2024-06-14 07:57:35', '66', NULL),
(69, 4, 10, 5, '2024-06-14 08:06:18', '2024-06-14 08:06:18', '0:9', NULL),
(70, 4, 1, 8, '2024-06-14 08:11:17', '2024-06-14 08:11:17', '00:42', NULL),
(71, 4, 11, 4, '2024-06-14 08:15:31', '2024-06-14 08:15:31', '03:14', NULL),
(72, 4, 2, 2, '2024-06-14 15:51:18', '2024-06-14 15:51:18', '00:37', NULL),
(73, 4, 11, 4, '2024-06-14 15:53:25', '2024-06-14 15:53:25', '00:10', NULL),
(74, 4, 1, 3, '2024-06-14 15:56:14', '2024-06-14 15:56:14', '01:00', NULL),
(75, 4, 2, 4, '2024-06-14 16:15:22', '2024-06-14 16:15:22', '00:17', NULL),
(76, 4, 1, 4, '2024-06-14 17:13:23', '2024-06-14 17:13:23', '00:10', NULL),
(77, 4, 4, 3, '2024-06-14 17:32:13', '2024-06-14 17:32:13', '00:11', NULL),
(78, 4, 1, 6, '2024-06-15 07:17:32', '2024-06-15 07:17:32', '00:32', '{\"_token\":\"prTtUiuZf503KWDBjN2E63ubxUjN9BFFkgNmyrhh\",\"elapsedTime\":\"32\",\"answers\":{\"36\":\"229\",\"74\":\"382\",\"63\":\"338\",\"86\":\"429\",\"44\":\"262\",\"66\":\"350\",\"57\":\"314\",\"42\":\"254\",\"80\":\"406\",\"89\":\"444\"}}'),
(79, 4, 5, 8, '2024-06-15 07:45:22', '2024-06-15 07:45:22', '00:09', '{\"_token\":\"prTtUiuZf503KWDBjN2E63ubxUjN9BFFkgNmyrhh\",\"elapsedTime\":\"9\",\"answers\":{\"115\":\"466\",\"4\":\"109\",\"121\":\"489\",\"143\":\"578\",\"124\":\"502\",\"139\":\"562\",\"127\":\"515\",\"159\":\"642\",\"130\":\"526\",\"151\":\"609\"}}');

-- --------------------------------------------------------

--
-- Cấu trúc bảng cho bảng `exercises`
--

CREATE TABLE `exercises` (
  `id` int(11) NOT NULL,
  `exercise_name` varchar(255) DEFAULT NULL,
  `id_mon` int(11) DEFAULT NULL,
  `ma_de` int(11) DEFAULT NULL,
  `time` int(11) DEFAULT NULL,
  `created_at` timestamp NOT NULL DEFAULT current_timestamp(),
  `updated_at` timestamp NOT NULL DEFAULT current_timestamp() ON UPDATE current_timestamp()
) ENGINE=InnoDB DEFAULT CHARSET=utf8mb4 COLLATE=utf8mb4_unicode_ci;

--
-- Đang đổ dữ liệu cho bảng `exercises`
--

INSERT INTO `exercises` (`id`, `exercise_name`, `id_mon`, `ma_de`, `time`, `created_at`, `updated_at`) VALUES
(0, 'Bài luyện nghe tiếng anh 1', 9, 1, 40, '2024-06-14 16:03:47', '2024-06-14 16:03:47'),
(1, 'Bài tập toán 1', 1, 1, 1, '2024-06-13 08:45:27', '2024-06-13 08:45:27'),
(2, 'Bài tập toán 2', 1, 2, 15, '2024-06-13 08:45:27', '2024-06-13 08:45:27'),
(3, 'Bài tập toán 3', 1, 3, 30, '2024-06-13 08:45:27', '2024-06-13 08:45:27'),
(4, 'Bài tập Vật lý 1', 2, 1, 40, '2024-06-13 08:45:27', '2024-06-13 08:45:27'),
(5, 'Bài tập Vật lý 2', 2, 2, 20, '2024-06-13 08:45:27', '2024-06-13 08:45:27'),
(6, 'Bài tập Vật lý 3', 2, 3, 20, '2024-06-13 08:45:27', '2024-06-13 08:45:27'),
(7, 'Bài tập Vật lý 4', 2, 4, 20, '2024-06-13 08:45:27', '2024-06-13 08:45:27'),
(8, 'Bài tập Hóa Học 1', 3, 1, 20, '2024-06-13 08:45:27', '2024-06-13 08:45:27'),
(9, 'Bài tập Hóa Học 2', 3, 2, 20, '2024-06-13 08:45:27', '2024-06-13 08:45:27'),
(10, 'Bài tập Hóa Học 3', 3, 3, 20, '2024-06-13 08:45:27', '2024-06-13 08:45:27'),
(11, 'Bài tập Hóa H4 ', 3, 4, 20, '2024-06-13 08:45:27', '2024-06-13 14:36:31');

-- --------------------------------------------------------

--
-- Cấu trúc bảng cho bảng `questions`
--

CREATE TABLE `questions` (
  `id` int(11) NOT NULL,
  `quiz_id` int(11) DEFAULT NULL,
  `content` text NOT NULL,
  `created_at` timestamp NOT NULL DEFAULT current_timestamp(),
  `updated_at` timestamp NOT NULL DEFAULT current_timestamp() ON UPDATE current_timestamp(),
  `exercise_id` int(11) DEFAULT NULL,
  `difficulty_level` int(11) DEFAULT NULL
) ENGINE=InnoDB DEFAULT CHARSET=utf8mb4 COLLATE=utf8mb4_unicode_ci;

--
-- Đang đổ dữ liệu cho bảng `questions`
--

INSERT INTO `questions` (`id`, `quiz_id`, `content`, `created_at`, `updated_at`, `exercise_id`, `difficulty_level`) VALUES
(1, 1, '2 + 2 bằng bao nhiêu?', '2024-06-09 12:55:56', '2024-06-12 03:32:49', 1, 1),
(2, 1, '4 x 3 bằng bao nhiêu?', '2024-06-09 12:55:56', '2024-06-12 03:32:53', 1, 1),
(3, 2, 'Định luật Newton thứ 2 nói về điều gì?', '2024-06-09 12:55:56', '2024-06-12 09:28:15', 1, 1),
(4, 2, 'Lực tác dụng và phản lực có đặc điểm gì?', '2024-06-09 12:55:56', '2024-06-12 09:28:21', 2, 1),
(5, 3, 'Nguyên tố hóa học nào có ký hiệu là H?', '2024-06-09 12:55:56', '2024-06-12 18:44:56', 4, 1),
(6, 3, 'Phản ứng hóa học nào là đúng?', '2024-06-09 12:55:56', '2024-06-12 18:45:00', 3, 1),
(7, 4, 'Tế bào động vật khác tế bào thực vật ở điểm nào?', '2024-06-09 12:55:56', '2024-06-12 18:44:01', NULL, 1),
(8, 4, 'Gen là gì?', '2024-06-09 12:55:56', '2024-06-12 18:44:03', NULL, 1),
(9, 5, 'Trận chiến nào đã đánh dấu sự kết thúc của chiến tranh thế giới thứ nhất?', '2024-06-09 12:55:56', '2024-06-12 18:44:05', NULL, 1),
(10, 5, 'Nhà sử học nào nổi tiếng với các tác phẩm về lịch sử cổ đại?', '2024-06-09 12:55:56', '2024-06-12 18:44:07', NULL, 1),
(11, 6, 'Châu lục nào lớn nhất trên thế giới?', '2024-06-09 12:55:56', '2024-06-12 18:44:09', NULL, 1),
(12, 6, 'Sông nào dài nhất Việt Nam?', '2024-06-09 12:55:56', '2024-06-12 18:44:11', NULL, 1),
(13, 7, 'Truyện Kiều là tác phẩm của ai?', '2024-06-09 12:55:56', '2024-06-12 18:44:12', NULL, 1),
(14, 7, 'Cấu trúc câu trong tiếng Việt có gì đặc biệt?', '2024-06-09 12:55:56', '2024-06-12 18:44:16', NULL, 1),
(15, 8, 'What is the past tense of \"go\"?', '2024-06-09 12:55:56', '2024-06-12 18:44:18', NULL, 1),
(16, 8, 'Which of the following words is a noun?', '2024-06-09 12:55:56', '2024-06-12 18:44:20', NULL, 1),
(19, 9, 'What does the principal want the students to do?', '2024-06-10 17:01:46', '2024-06-14 16:06:58', 1, 1),
(20, 9, 'What is the purpose of the talk?', '2024-06-10 17:01:46', '2024-06-14 16:07:00', 1, 1),
(21, 9, 'What does the teacher want the students to do?', '2024-06-10 17:01:46', '2024-06-14 16:07:02', 1, 1),
(22, 9, 'What does the teacher want Sarah Palin to do?', '2024-06-10 17:01:46', '2024-06-14 16:07:04', 1, 1),
(23, 9, 'What is the teacher explaining?', '2024-06-10 17:01:46', '2024-06-14 16:07:06', 1, 1),
(24, 9, 'Which of the following is true?', '2024-06-10 17:01:46', '2024-06-14 16:07:07', 1, 1),
(25, 9, 'What is the purpose of the talk?', '2024-06-10 17:01:46', '2024-06-14 16:07:10', 1, 1),
(26, 9, 'What is the purpose of the talk?', '2024-06-10 17:01:46', '2024-06-14 16:07:13', 1, 1),
(27, 9, 'What is the purpose of the talk?', '2024-06-10 17:01:46', '2024-06-14 16:07:15', 1, 1),
(28, 9, 'Why is the teacher talking about the activity?', '2024-06-10 17:01:46', '2024-06-14 16:07:52', 1, 2),
(29, 9, 'What happened to the girl?', '2024-06-10 17:01:46', '2024-06-14 16:07:54', 1, 2),
(30, 9, 'What\'s wrong with the girl\'s mother?', '2024-06-10 17:01:46', '2024-06-14 16:08:00', 1, 2),
(31, 9, 'What will the teacher probably do next?', '2024-06-10 17:01:46', '2024-06-14 16:08:01', 1, 2),
(32, 9, 'What problem does the boy have?', '2024-06-10 17:01:46', '2024-06-14 16:08:03', 1, 2),
(33, 9, 'What does “reserve” mean?', '2024-06-10 17:01:46', '2024-06-14 16:08:05', 1, 2),
(34, 1, '5 + 7 bằng bao nhiêu?', '2024-06-12 03:46:19', '2024-06-12 03:46:19', 1, 1),
(35, 1, 'Diện tích hình chữ nhật có chiều dài 5m và chiều rộng 3m là bao nhiêu?', '2024-06-12 03:46:19', '2024-06-12 03:46:19', 2, 1),
(36, 1, '15 x 6 bằng bao nhiêu?', '2024-06-12 03:46:19', '2024-06-12 03:46:19', 1, 2),
(37, 1, 'Định lý Pitago nói về mối quan hệ gì trong một tam giác vuông?', '2024-06-12 03:46:19', '2024-06-12 03:46:19', 2, 2),
(38, 1, 'Giá trị của căn bậc hai của 81 là bao nhiêu?', '2024-06-12 03:46:19', '2024-06-12 03:46:19', 1, 1),
(39, 1, 'Chu vi của một hình tròn có bán kính 7cm là bao nhiêu?', '2024-06-12 03:46:19', '2024-06-12 03:46:19', 2, 2),
(40, 1, '25 chia cho 5 bằng bao nhiêu?', '2024-06-12 03:46:19', '2024-06-12 03:46:19', 1, 1),
(41, 1, 'Một hình vuông có diện tích là 16cm², cạnh của hình vuông này dài bao nhiêu?', '2024-06-12 03:46:19', '2024-06-12 03:46:19', 2, 1),
(42, 1, 'Tính tổng của dãy số: 1, 3, 5, 7, 9', '2024-06-12 03:46:19', '2024-06-12 03:46:19', 1, 2),
(43, 1, 'Định lý gì xác định rằng tổng các góc trong một tam giác bằng 180 độ?', '2024-06-12 03:46:19', '2024-06-12 03:46:19', 2, 2),
(44, 1, 'Giá trị của 7 x 8 là bao nhiêu?', '2024-06-12 03:46:19', '2024-06-12 03:46:19', 1, 1),
(45, 1, 'Một hình tròn có bán kính là 10cm, diện tích của nó là bao nhiêu?', '2024-06-12 03:46:19', '2024-06-12 03:46:19', 2, 2),
(46, 1, 'Tính thể tích của một khối lập phương có cạnh dài 3m', '2024-06-12 03:46:19', '2024-06-12 03:46:19', 1, 2),
(47, 1, 'Định lý nào cho biết đường trung tuyến của một tam giác chia tam giác đó thành hai tam giác có diện tích bằng nhau?', '2024-06-12 03:46:19', '2024-06-12 03:46:19', 2, 3),
(48, 1, 'Tìm số đối của -9', '2024-06-12 03:46:19', '2024-06-12 03:46:19', 1, 1),
(49, 1, 'Một hình tròn có đường kính là 14cm, bán kính của nó là bao nhiêu?', '2024-06-12 03:46:19', '2024-06-12 03:46:19', 2, 1),
(50, 1, 'Giá trị của phép nhân: 6 x (2 + 3)', '2024-06-12 03:46:19', '2024-06-12 03:46:19', 1, 1),
(51, 1, 'Một hình chữ nhật có chu vi là 20m, chiều dài của nó là 6m, tìm chiều rộng của hình chữ nhật', '2024-06-12 03:46:19', '2024-06-12 03:46:19', 2, 2),
(52, 1, 'Định lý nào nói rằng tổng các góc trong một đa giác lồi với n cạnh bằng (n-2) x 180 độ?', '2024-06-12 03:46:19', '2024-06-12 03:46:19', 1, 3),
(53, 1, 'Giá trị của phép chia: 100 / 25', '2024-06-12 03:46:19', '2024-06-12 03:46:19', 2, 1),
(54, 1, 'Tổng của 2 + 3 là bao nhiêu?', '2024-06-12 04:00:13', '2024-06-12 04:00:13', 1, 1),
(55, 1, 'Diện tích của một hình vuông có cạnh dài 4m là bao nhiêu?', '2024-06-12 04:00:13', '2024-06-12 04:00:13', 2, 1),
(56, 1, 'Giá trị của 9 x 7 là bao nhiêu?', '2024-06-12 04:00:13', '2024-06-12 04:00:13', 3, 2),
(57, 1, 'Chu vi của một hình tròn có bán kính 5cm là bao nhiêu?', '2024-06-12 04:00:13', '2024-06-12 04:00:13', 1, 2),
(58, 1, 'Phép chia 20 / 4 cho kết quả là gì?', '2024-06-12 04:00:13', '2024-06-12 04:00:13', 2, 1),
(59, 1, 'Công thức để tính diện tích hình tam giác là gì?', '2024-06-12 04:00:13', '2024-06-12 04:00:13', 3, 2),
(60, 1, 'Tìm nghiệm của phương trình x + 5 = 10', '2024-06-12 04:00:13', '2024-06-12 04:00:13', 1, 1),
(61, 1, 'Số lớn nhất trong dãy số: 4, 6, 8, 10 là số nào?', '2024-06-12 04:00:13', '2024-06-12 04:00:13', 2, 1),
(62, 1, 'Phép nhân 6 x 9 bằng bao nhiêu?', '2024-06-12 04:00:13', '2024-06-12 04:00:13', 3, 2),
(63, 1, 'Giá trị của căn bậc hai của 144 là bao nhiêu?', '2024-06-12 04:00:13', '2024-06-12 04:00:13', 1, 2),
(64, 1, 'Một hình chữ nhật có chiều dài 10m và chiều rộng 5m, chu vi của nó là bao nhiêu?', '2024-06-12 04:00:13', '2024-06-12 04:00:13', 2, 1),
(65, 1, 'Phép cộng 15 + 25 bằng bao nhiêu?', '2024-06-12 04:00:13', '2024-06-12 04:00:13', 3, 1),
(66, 1, 'Một hình tam giác có các cạnh dài 3m, 4m, 5m, diện tích của nó là bao nhiêu?', '2024-06-12 04:00:13', '2024-06-12 04:00:13', 1, 2),
(67, 1, 'Tổng của 1, 2, 3, 4, 5 là bao nhiêu?', '2024-06-12 04:00:13', '2024-06-12 04:00:13', 2, 1),
(68, 1, 'Tìm giá trị của biểu thức: 7 + 8 - 5', '2024-06-12 04:00:13', '2024-06-12 04:00:13', 3, 1),
(69, 1, 'Phương trình x - 3 = 7 có nghiệm là gì?', '2024-06-12 04:00:13', '2024-06-12 04:00:13', 1, 1),
(70, 1, 'Giá trị của 100 chia cho 10 là bao nhiêu?', '2024-06-12 04:00:13', '2024-06-12 04:00:13', 2, 1),
(71, 1, 'Chu vi của một hình tam giác có các cạnh dài 3m, 4m, 5m là bao nhiêu?', '2024-06-12 04:00:13', '2024-06-12 04:00:13', 3, 2),
(72, 1, 'Phép nhân 8 x 8 cho kết quả là gì?', '2024-06-12 04:00:13', '2024-06-12 04:00:13', 1, 2),
(73, 1, 'Một hình chữ nhật có diện tích 50 m², chiều dài là 10m, chiều rộng của nó là bao nhiêu?', '2024-06-12 04:00:13', '2024-06-12 04:00:13', 2, 1),
(74, 1, 'Nếu một hình tam giác có hai cạnh dài 3cm và 4cm, cạnh còn lại dài bao nhiêu để tam giác đó là tam giác vuông?', '2024-06-12 04:51:53', '2024-06-12 04:51:53', 1, 2),
(75, 1, 'Công thức tính diện tích của một hình bình hành là gì?', '2024-06-12 04:51:53', '2024-06-12 04:51:53', 2, 2),
(76, 1, 'Phép nhân 5 x 12 bằng bao nhiêu?', '2024-06-12 04:51:53', '2024-06-12 04:51:53', 3, 1),
(77, 1, 'Giá trị của 50% của 80 là bao nhiêu?', '2024-06-12 04:51:53', '2024-06-12 04:51:53', 1, 1),
(78, 1, 'Đơn vị đo lường nào được sử dụng để đo diện tích?', '2024-06-12 04:51:53', '2024-06-12 04:51:53', 2, 1),
(79, 1, 'Tổng của 9 + 7 - 3 là bao nhiêu?', '2024-06-12 04:51:53', '2024-06-12 04:51:53', 3, 1),
(80, 1, 'Phép chia 48 cho 6 cho kết quả là gì?', '2024-06-12 04:51:53', '2024-06-12 04:51:53', 1, 1),
(81, 1, 'Tìm số đối của -7', '2024-06-12 04:51:53', '2024-06-12 04:51:53', 2, 1),
(82, 1, 'Giá trị của biểu thức 2 x (3 + 5) là bao nhiêu?', '2024-06-12 04:51:53', '2024-06-12 04:51:53', 3, 1),
(83, 1, 'Một hình chữ nhật có chiều dài 6m và chiều rộng 4m, diện tích của nó là bao nhiêu?', '2024-06-12 04:51:53', '2024-06-12 04:51:53', 1, 1),
(84, 1, 'Số nào lớn hơn giữa 0.75 và 0.57?', '2024-06-12 04:51:53', '2024-06-12 04:51:53', 2, 1),
(85, 1, 'Tìm giá trị của biểu thức: 100 - 25 + 10', '2024-06-12 04:51:53', '2024-06-12 04:51:53', 3, 1),
(86, 1, 'Giá trị của căn bậc ba của 27 là bao nhiêu?', '2024-06-12 04:51:53', '2024-06-12 04:51:53', 1, 2),
(87, 1, 'Một hình vuông có cạnh dài 10cm, chu vi của nó là bao nhiêu?', '2024-06-12 04:51:53', '2024-06-12 04:51:53', 2, 1),
(88, 1, 'Công thức tính chu vi của một hình tam giác là gì?', '2024-06-12 04:51:53', '2024-06-12 04:51:53', 3, 2),
(89, 1, 'Phép nhân 4 x 9 cho kết quả là gì?', '2024-06-12 04:51:53', '2024-06-12 04:51:53', 1, 1),
(90, 1, 'Tìm giá trị của biểu thức: 20 + 15 - 5', '2024-06-12 04:51:53', '2024-06-12 04:51:53', 2, 1),
(91, 1, 'Giá trị của 2/3 của 27 là bao nhiêu?', '2024-06-12 04:51:53', '2024-06-12 04:51:53', 3, 1),
(92, 1, 'Một hình tròn có bán kính là 10cm, chu vi của nó là bao nhiêu?', '2024-06-12 04:51:53', '2024-06-12 04:51:53', 1, 2),
(93, 1, 'Phép chia 99 cho 11 cho kết quả là gì?', '2024-06-12 04:51:53', '2024-06-12 04:51:53', 2, 1),
(114, 2, 'Tốc độ của ánh sáng trong chân không là bao nhiêu?', '2024-06-12 09:43:22', '2024-06-12 09:43:22', 1, 2),
(115, 2, 'Định luật nào giải thích sự phản xạ của ánh sáng?', '2024-06-12 09:43:22', '2024-06-12 09:43:22', 2, 2),
(116, 2, 'Đơn vị đo lường cường độ dòng điện là gì?', '2024-06-12 09:43:22', '2024-06-12 09:43:22', 3, 1),
(117, 2, 'Một vật đang chuyển động với vận tốc 10 m/s, nó có gia tốc là bao nhiêu nếu trong 5 giây nó đạt tới vận tốc 30 m/s?', '2024-06-12 09:43:22', '2024-06-12 09:43:22', 1, 2),
(118, 2, 'Lực nào làm cho vật rơi tự do về phía Trái Đất?', '2024-06-12 09:43:22', '2024-06-12 09:43:22', 2, 1),
(119, 2, 'Điện trở của một đoạn mạch có giá trị là gì khi hiệu điện thế là 10V và dòng điện qua mạch là 2A?', '2024-06-12 09:43:22', '2024-06-12 09:43:22', 3, 2),
(120, 2, 'Quy luật bảo toàn nào giải thích rằng năng lượng không thể tự nhiên sinh ra hoặc mất đi?', '2024-06-12 09:43:22', '2024-06-12 09:43:22', 1, 2),
(121, 2, 'Khối lượng riêng của một vật là gì?', '2024-06-12 09:43:22', '2024-06-12 09:43:22', 2, 1),
(122, 2, 'Lực kéo của một lò xo được xác định bởi định luật nào?', '2024-06-12 09:43:22', '2024-06-12 09:43:22', 3, 2),
(123, 2, 'Áp suất là gì và nó được đo bằng đơn vị nào?', '2024-06-12 09:43:22', '2024-06-12 09:43:22', 1, 1),
(124, 2, 'Một vật có khối lượng 5kg nằm yên trên mặt phẳng nghiêng có độ nghiêng 30°, lực tác dụng cần thiết để giữ vật đứng yên là bao nhiêu?', '2024-06-12 09:43:22', '2024-06-12 09:43:22', 2, 3),
(125, 2, 'Đơn vị đo lường năng lượng là gì?', '2024-06-12 09:43:22', '2024-06-12 09:43:22', 3, 1),
(126, 2, 'Tốc độ của một vật đang chuyển động là bao nhiêu nếu nó di chuyển được 20m trong 4 giây?', '2024-06-12 09:43:22', '2024-06-12 09:43:22', 1, 1),
(127, 2, 'Nhiệt độ sôi của nước là bao nhiêu độ C?', '2024-06-12 09:43:22', '2024-06-12 09:43:22', 2, 1),
(128, 2, 'Một vật đang rơi tự do từ độ cao 100m, thời gian rơi là bao lâu nếu không có lực cản của không khí?', '2024-06-12 09:43:22', '2024-06-12 09:43:22', 3, 3),
(129, 2, 'Công suất được tính như thế nào và đơn vị của nó là gì?', '2024-06-12 09:43:22', '2024-06-12 09:43:22', 1, 2),
(130, 2, 'Tìm hiệu điện thế khi dòng điện qua mạch là 2A và điện trở là 5Ω?', '2024-06-12 09:43:22', '2024-06-12 09:43:22', 2, 1),
(131, 2, 'Một vật có thể tích là 2m³ và khối lượng là 4kg, khối lượng riêng của nó là bao nhiêu?', '2024-06-12 09:43:22', '2024-06-12 09:43:22', 3, 2),
(132, 2, 'Lực đẩy của Archimedes được tính như thế nào?', '2024-06-12 09:43:22', '2024-06-12 09:43:22', 1, 2),
(133, 2, 'Một vật đang quay với vận tốc góc không đổi, gia tốc của nó là bao nhiêu?', '2024-06-12 09:43:22', '2024-06-12 09:43:22', 2, 2),
(134, 2, 'Đơn vị đo lường lực là gì?', '2024-06-12 10:00:30', '2024-06-12 10:00:30', 1, 1),
(135, 2, 'Nguyên lý nào giải thích sự nâng lên của một quả bóng bay?', '2024-06-12 10:00:30', '2024-06-12 10:00:30', 2, 2),
(136, 2, 'Công thức nào mô tả định luật thứ hai của Newton?', '2024-06-12 10:00:30', '2024-06-12 10:00:30', 3, 2),
(137, 2, 'Tốc độ của âm thanh trong không khí là bao nhiêu?', '2024-06-12 10:00:30', '2024-06-12 10:00:30', 4, 2),
(138, 2, 'Một vật có khối lượng là 2kg, nó có trọng lượng là bao nhiêu?', '2024-06-12 10:00:30', '2024-06-12 10:00:30', 1, 1),
(139, 2, 'Ánh sáng trắng là gì?', '2024-06-12 10:00:30', '2024-06-12 10:00:30', 2, 1),
(140, 2, 'Khối lượng riêng của nước là bao nhiêu?', '2024-06-12 10:00:30', '2024-06-12 10:00:30', 3, 1),
(141, 2, 'Lực hấp dẫn giữa hai vật phụ thuộc vào những yếu tố nào?', '2024-06-12 10:00:30', '2024-06-12 10:00:30', 4, 2),
(142, 2, 'Nhiệt độ nào được gọi là nhiệt độ tuyệt đối?', '2024-06-12 10:00:30', '2024-06-12 10:00:30', 1, 2),
(143, 2, 'Đơn vị đo lường công suất điện là gì?', '2024-06-12 10:00:30', '2024-06-12 10:00:30', 2, 1),
(144, 2, 'Một hình cầu có đường kính 10cm, thể tích của nó là bao nhiêu?', '2024-06-12 10:00:30', '2024-06-12 10:00:30', 3, 2),
(145, 2, 'Điện trở của một dây dẫn phụ thuộc vào yếu tố nào?', '2024-06-12 10:00:30', '2024-06-12 10:00:30', 4, 2),
(146, 2, 'Lực nào làm cho các hành tinh quay quanh Mặt Trời?', '2024-06-12 10:00:30', '2024-06-12 10:00:30', 1, 1),
(147, 2, 'Quy luật bảo toàn động lượng là gì?', '2024-06-12 10:00:30', '2024-06-12 10:00:30', 2, 2),
(148, 2, 'Một vật rơi tự do từ độ cao 20m, thời gian rơi là bao lâu?', '2024-06-12 10:00:30', '2024-06-12 10:00:30', 3, 2),
(149, 2, 'Đơn vị đo lường công suất cơ là gì?', '2024-06-12 10:00:30', '2024-06-12 10:00:30', 4, 1),
(150, 2, 'Tính chất nào của ánh sáng gây ra hiện tượng cầu vồng?', '2024-06-12 10:00:30', '2024-06-12 10:00:30', 1, 2),
(151, 2, 'Một dòng điện có cường độ là 5A chạy qua điện trở 10Ω, hiệu điện thế là bao nhiêu?', '2024-06-12 10:00:30', '2024-06-12 10:00:30', 2, 2),
(152, 2, 'Năng lượng được lưu trữ trong một lò xo nén là gì?', '2024-06-12 10:00:30', '2024-06-12 10:00:30', 3, 2),
(153, 2, 'Quá trình nào chuyển đổi năng lượng hóa học thành năng lượng điện?', '2024-06-12 10:00:30', '2024-06-12 10:00:30', 4, 2),
(154, 2, 'Định luật vạn vật hấp dẫn của Newton là gì?', '2024-06-12 10:10:58', '2024-06-12 10:10:58', 1, 2),
(155, 2, 'Tính chất nào của ánh sáng liên quan đến hiện tượng khúc xạ?', '2024-06-12 10:10:58', '2024-06-12 10:10:58', 2, 2),
(156, 2, 'Công thức nào mô tả định luật Ohm?', '2024-06-12 10:10:58', '2024-06-12 10:10:58', 3, 1),
(157, 2, 'Một quả bóng rơi tự do từ độ cao 50m, thời gian rơi là bao nhiêu nếu không có lực cản của không khí?', '2024-06-12 10:10:58', '2024-06-12 10:10:58', 4, 2),
(158, 2, 'Năng lượng tiềm năng của một vật được tính như thế nào?', '2024-06-12 10:10:58', '2024-06-12 10:10:58', 1, 2),
(159, 2, 'Đơn vị đo lường công của một lực là gì?', '2024-06-12 10:10:58', '2024-06-12 10:10:58', 2, 1),
(160, 2, 'Một hình trụ có chiều cao 10cm và bán kính đáy 5cm, thể tích của nó là bao nhiêu?', '2024-06-12 10:10:58', '2024-06-12 10:10:58', 3, 2),
(161, 2, 'Một mạch điện có điện trở là 5Ω và hiệu điện thế là 10V, dòng điện qua mạch là bao nhiêu?', '2024-06-12 10:10:58', '2024-06-12 10:10:58', 4, 2),
(162, 2, 'Tính chất nào của vật liệu ảnh hưởng đến khả năng dẫn nhiệt?', '2024-06-12 10:10:58', '2024-06-12 10:10:58', 1, 1),
(163, 2, 'Công thức nào mô tả mối quan hệ giữa áp suất, thể tích và nhiệt độ trong một khí lý tưởng?', '2024-06-12 10:10:58', '2024-06-12 10:10:58', 2, 2),
(164, 2, 'Một vật có khối lượng là 10kg, trọng lượng của nó là bao nhiêu?', '2024-06-12 10:10:58', '2024-06-12 10:10:58', 3, 1),
(165, 2, 'Hiệu suất của một động cơ nhiệt là gì?', '2024-06-12 10:10:58', '2024-06-12 10:10:58', 4, 2),
(166, 2, 'Năng lượng của một vật đang chuyển động được gọi là gì?', '2024-06-12 10:10:58', '2024-06-12 10:10:58', 1, 1),
(167, 2, 'Ánh sáng đơn sắc là gì?', '2024-06-12 10:10:58', '2024-06-12 10:10:58', 2, 1),
(168, 2, 'Một dòng điện có cường độ 3A, điện trở là 10Ω, công suất tiêu thụ là bao nhiêu?', '2024-06-12 10:10:58', '2024-06-12 10:10:58', 3, 2),
(169, 2, 'Một hình vuông có cạnh dài 2m, diện tích của nó là bao nhiêu?', '2024-06-12 10:10:58', '2024-06-12 10:10:58', 4, 1),
(170, 2, 'Nhiệt độ nào được coi là điểm sôi của nước ở áp suất khí quyển tiêu chuẩn?', '2024-06-12 10:10:58', '2024-06-12 10:10:58', 1, 1),
(171, 2, 'Một dòng nước chảy qua ống có tiết diện thay đổi, vận tốc dòng nước thay đổi như thế nào?', '2024-06-12 10:10:58', '2024-06-12 10:10:58', 2, 2),
(172, 2, 'Một vật có thể tích là 1m³ và khối lượng là 2kg, khối lượng riêng của nó là bao nhiêu?', '2024-06-12 10:10:58', '2024-06-12 10:10:58', 3, 1),
(173, 2, 'Tần số của sóng âm có đơn vị là gì?', '2024-06-12 10:10:58', '2024-06-12 10:10:58', 4, 1),
(174, 3, 'Nguyên tử là gì?', '2024-06-12 10:25:52', '2024-06-12 10:25:52', 1, 1),
(175, 3, 'Công thức phân tử của nước là gì?', '2024-06-12 10:25:52', '2024-06-12 10:25:52', 2, 1),
(176, 3, 'Nguyên tố nào có số hiệu nguyên tử là 8?', '2024-06-12 10:25:52', '2024-06-12 10:25:52', 3, 2),
(177, 3, 'Định nghĩa nào sau đây mô tả đúng về liên kết ion?', '2024-06-12 10:25:52', '2024-06-12 10:25:52', 4, 2),
(178, 3, 'Công thức hóa học của axit sulfuric là gì?', '2024-06-12 10:25:52', '2024-06-12 10:25:52', 1, 1),
(179, 3, 'Phản ứng nào là phản ứng oxi hóa khử?', '2024-06-12 10:25:52', '2024-06-12 10:25:52', 2, 2),
(180, 3, 'Tính chất nào của kim loại là đúng?', '2024-06-12 10:25:52', '2024-06-12 10:25:52', 3, 1),
(181, 3, 'H2SO4 có tính chất nào?', '2024-06-12 10:25:52', '2024-06-12 10:25:52', 4, 2),
(182, 3, 'Nguyên tố nào có cấu hình electron 1s² 2s² 2p¹?', '2024-06-12 10:25:52', '2024-06-12 10:25:52', 1, 2),
(183, 3, 'Phản ứng trung hòa là gì?', '2024-06-12 10:25:52', '2024-06-12 10:25:52', 2, 1),
(184, 3, 'Công thức hóa học của muối ăn là gì?', '2024-06-12 10:25:52', '2024-06-12 10:25:52', 3, 1),
(185, 3, 'Nguyên tố nào là kim loại kiềm?', '2024-06-12 10:25:52', '2024-06-12 10:25:52', 4, 2),
(186, 3, 'Liên kết cộng hóa trị là gì?', '2024-06-12 10:25:52', '2024-06-12 10:25:52', 1, 2),
(187, 3, 'Nước là hợp chất gì?', '2024-06-12 10:25:52', '2024-06-12 10:25:52', 2, 1),
(188, 3, 'Nguyên tố nào là phi kim?', '2024-06-12 10:25:52', '2024-06-12 10:25:52', 3, 1),
(189, 3, 'Phản ứng nào xảy ra khi đốt cháy khí methane?', '2024-06-12 10:25:52', '2024-06-12 10:25:52', 4, 2),
(190, 3, 'Nguyên tố nào là chất bán dẫn?', '2024-06-12 10:25:52', '2024-06-12 10:25:52', 1, 3),
(191, 3, 'Phản ứng kết tủa là gì?', '2024-06-12 10:25:52', '2024-06-12 10:25:52', 2, 2),
(192, 3, 'Nguyên tố nào có thể tạo ra nhiều liên kết hóa học nhất?', '2024-06-12 10:25:52', '2024-06-12 10:25:52', 3, 3),
(193, 3, 'Kim loại nào có nhiệt độ nóng chảy thấp nhất?', '2024-06-12 10:25:52', '2024-06-12 10:25:52', 4, 1),
(194, 3, 'Nguyên tố nào là khí hiếm?', '2024-06-12 10:37:23', '2024-06-12 10:37:23', 1, 1),
(195, 3, 'Công thức hóa học của khí metan là gì?', '2024-06-12 10:37:23', '2024-06-12 10:37:23', 2, 1),
(196, 3, 'Nguyên tố nào có số hiệu nguyên tử là 1?', '2024-06-12 10:37:23', '2024-06-12 10:37:23', 3, 1),
(197, 3, 'Phản ứng nào sau đây là phản ứng phân hủy?', '2024-06-12 10:37:23', '2024-06-12 10:37:23', 4, 2),
(198, 3, 'Nguyên tố nào có khối lượng nguyên tử là 12?', '2024-06-12 10:37:23', '2024-06-12 10:37:23', 1, 1),
(199, 3, 'Liên kết nào hình thành giữa hai nguyên tử phi kim?', '2024-06-12 10:37:23', '2024-06-12 10:37:23', 2, 2),
(200, 3, 'Đơn vị đo khối lượng mol của nguyên tử là gì?', '2024-06-12 10:37:23', '2024-06-12 10:37:23', 3, 1),
(201, 3, 'Nguyên tố nào là kim loại chuyển tiếp?', '2024-06-12 10:37:23', '2024-06-12 10:37:23', 4, 2),
(202, 3, 'Cấu hình electron của natri là gì?', '2024-06-12 10:37:23', '2024-06-12 10:37:23', 1, 2),
(203, 3, 'Phản ứng tổng hợp là gì?', '2024-06-12 10:37:23', '2024-06-12 10:37:23', 2, 1),
(204, 3, 'Công thức hóa học của acid hydrochloric là gì?', '2024-06-12 10:37:23', '2024-06-12 10:37:23', 3, 1),
(205, 3, 'Nguyên tố nào có số hiệu nguyên tử là 26?', '2024-06-12 10:37:23', '2024-06-12 10:37:23', 4, 2),
(206, 3, 'Nguyên tố nào là phi kim trong nhóm halogen?', '2024-06-12 10:37:23', '2024-06-12 10:37:23', 1, 2),
(207, 3, 'Liên kết hydro là gì?', '2024-06-12 10:37:23', '2024-06-12 10:37:23', 2, 3),
(208, 3, 'Phản ứng hóa học nào xảy ra khi đốt cháy?', '2024-06-12 10:37:23', '2024-06-12 10:37:23', 3, 1),
(209, 3, 'Kim loại nào là chất dẫn điện tốt nhất?', '2024-06-12 10:37:23', '2024-06-12 10:37:23', 4, 2),
(210, 3, 'Công thức hóa học của muối ăn là gì?', '2024-06-12 10:37:23', '2024-06-12 10:37:23', 1, 1),
(211, 3, 'Nguyên tố nào có cấu hình electron 1s²?', '2024-06-12 10:37:23', '2024-06-12 10:37:23', 2, 1),
(212, 3, 'Phản ứng oxi hóa là gì?', '2024-06-12 10:37:23', '2024-06-12 10:37:23', 3, 2),
(213, 3, 'Nguyên tố nào có nhiệt độ nóng chảy cao nhất?', '2024-06-12 10:37:23', '2024-06-12 10:37:23', 4, 3),
(214, 3, 'Nguyên tố nào là phi kim?', '2024-06-12 10:42:56', '2024-06-12 10:42:56', 1, 1),
(215, 3, 'Công thức hóa học của nước là gì?', '2024-06-12 10:42:56', '2024-06-12 10:42:56', 2, 1),
(216, 3, 'Nguyên tố nào có số hiệu nguyên tử là 2?', '2024-06-12 10:42:56', '2024-06-12 10:42:56', 3, 2),
(217, 3, 'Phản ứng nào là phản ứng trung hòa?', '2024-06-12 10:42:56', '2024-06-12 10:42:56', 4, 2),
(218, 3, 'Nguyên tố nào có khối lượng nguyên tử là 16?', '2024-06-12 10:42:56', '2024-06-12 10:42:56', 1, 1),
(219, 3, 'Liên kết nào được hình thành giữa kim loại và phi kim?', '2024-06-12 10:42:56', '2024-06-12 10:42:56', 2, 2),
(220, 3, 'Đơn vị đo nồng độ mol là gì?', '2024-06-12 10:42:56', '2024-06-12 10:42:56', 3, 1),
(221, 3, 'Nguyên tố nào là kim loại kiềm thổ?', '2024-06-12 10:42:56', '2024-06-12 10:42:56', 4, 2),
(222, 3, 'Cấu hình electron của oxygen là gì?', '2024-06-12 10:42:56', '2024-06-12 10:42:56', 1, 2),
(223, 3, 'Phản ứng oxy hóa là gì?', '2024-06-12 10:42:56', '2024-06-12 10:42:56', 2, 1),
(224, 3, 'Công thức hóa học của axit nitric là gì?', '2024-06-12 10:42:56', '2024-06-12 10:42:56', 3, 1),
(225, 3, 'Nguyên tố nào có số hiệu nguyên tử là 12?', '2024-06-12 10:42:56', '2024-06-12 10:42:56', 4, 2),
(226, 3, 'Nguyên tố nào là khí hiếm?', '2024-06-12 10:42:56', '2024-06-12 10:42:56', 1, 2),
(227, 3, 'Liên kết ion là gì?', '2024-06-12 10:42:56', '2024-06-12 10:42:56', 2, 3),
(228, 3, 'Phản ứng nào là phản ứng oxi hóa khử?', '2024-06-12 10:42:56', '2024-06-12 10:42:56', 3, 1),
(229, 3, 'Kim loại nào là chất dẫn nhiệt tốt nhất?', '2024-06-12 10:42:56', '2024-06-12 10:42:56', 4, 2),
(230, 3, 'Công thức hóa học của khí carbon dioxide là gì?', '2024-06-12 10:42:56', '2024-06-12 10:42:56', 1, 1),
(231, 3, 'Nguyên tố nào có cấu hình electron 1s² 2s² 2p⁶?', '2024-06-12 10:42:56', '2024-06-12 10:42:56', 2, 1),
(232, 3, 'Phản ứng kết tủa là gì?', '2024-06-12 10:42:56', '2024-06-12 10:42:56', 3, 2),
(233, 3, 'Nguyên tố nào có nhiệt độ sôi thấp nhất?', '2024-06-12 10:42:56', '2024-06-12 10:42:56', 4, 3);

-- --------------------------------------------------------

--
-- Cấu trúc bảng cho bảng `quizzes`
--

CREATE TABLE `quizzes` (
  `id` int(11) NOT NULL,
  `title` varchar(255) NOT NULL,
  `description` text DEFAULT NULL,
  `duration` int(11) NOT NULL,
  `total_questions` int(11) NOT NULL,
  `created_at` timestamp NOT NULL DEFAULT current_timestamp(),
  `updated_at` timestamp NOT NULL DEFAULT current_timestamp() ON UPDATE current_timestamp(),
  `name` varchar(255) DEFAULT NULL
) ENGINE=InnoDB DEFAULT CHARSET=utf8mb4 COLLATE=utf8mb4_unicode_ci;

--
-- Đang đổ dữ liệu cho bảng `quizzes`
--

INSERT INTO `quizzes` (`id`, `title`, `description`, `duration`, `total_questions`, `created_at`, `updated_at`, `name`) VALUES
(1, 'Kiểm tra Toán cấp 1', 'Bài kiểm tra kiến thức Toán cơ bản', 60, 10, '2024-06-10 17:00:44', '2024-06-13 02:27:58', 'Toán'),
(2, 'Kiểm tra Lý cấp 2', 'Bài kiểm tra kiến thức Vật lý', 45, 8, '2024-06-10 17:00:44', '2024-06-13 02:28:18', 'Vật lý'),
(3, 'Kiểm tra Hóa cấp 2', 'Bài kiểm tra kiến thức Hóa học ', 50, 10, '2024-06-10 17:00:44', '2024-06-13 02:28:26', 'Hóa học'),
(4, 'Kiểm tra Sinh cấp 3', 'Bài kiểm tra kiến thức Sinh học', 70, 12, '2024-06-10 17:00:44', '2024-06-13 02:28:33', 'Sinh học'),
(5, 'Kiểm tra Sử cấp 3', 'Bài kiểm tra kiến thức Lịch sử ', 40, 15, '2024-06-10 17:00:44', '2024-06-13 02:28:40', 'Lịch sử'),
(6, 'Kiểm tra Địa cấp 3', 'Bài kiểm tra kiến thức Địa lý', 55, 8, '2024-06-10 17:00:44', '2024-06-13 02:28:45', 'Địa lý'),
(7, 'Kiểm tra Văn cấp 1', 'Bài kiểm tra kiến thức Ngữ văn ', 65, 20, '2024-06-10 17:00:44', '2024-06-13 02:28:52', 'Văn'),
(8, 'Kiểm tra Tiếng Anh cấp 3', 'Bài kiểm tra kiến thức Tiếng Anh ', 60, 10, '2024-06-10 17:00:44', '2024-06-13 02:28:58', 'Tiếng anh'),
(9, 'Kiểm tra Tiếng Anh Nghe', 'Bài kiểm tra kiến thức Tiếng Anh Nghe', 60, 10, '2024-06-10 17:00:44', '2024-06-13 02:23:13', 'Tiếng anh nghe');

-- --------------------------------------------------------

--
-- Cấu trúc bảng cho bảng `users`
--

CREATE TABLE `users` (
  `id` int(11) NOT NULL,
  `name` varchar(255) NOT NULL,
  `email` varchar(255) NOT NULL,
  `password` varchar(255) NOT NULL,
  `role` enum('user','admin') NOT NULL DEFAULT 'user',
  `created_at` timestamp NOT NULL DEFAULT current_timestamp(),
  `updated_at` timestamp NOT NULL DEFAULT current_timestamp() ON UPDATE current_timestamp()
) ENGINE=InnoDB DEFAULT CHARSET=utf8mb4 COLLATE=utf8mb4_unicode_ci;

--
-- Đang đổ dữ liệu cho bảng `users`
--

INSERT INTO `users` (`id`, `name`, `email`, `password`, `role`, `created_at`, `updated_at`) VALUES
(1, 'Nguyen Van A', 'nguyenvana@example.com', 'hashed_password_1', 'user', '2024-06-09 12:53:39', '2024-06-09 12:53:39'),
(2, 'Tran Thi B', 'tranthib@example.com', 'hashed_password_2', 'user', '2024-06-09 12:53:39', '2024-06-09 12:53:39'),
(3, 'Le Van C', 'levanc@example.com', 'hashed_password_3', 'admin', '2024-06-09 12:53:39', '2024-06-09 12:53:39'),
(4, 'khiem', 'trinhgiakhiem0112@gmail.com', '$2y$12$x4xOjZrKGK7AVta/Q8LgIuO.apuQSaQCuE0.t5dQgKYOBnZFLvWJy', 'user', '2024-06-09 20:16:24', '2024-06-09 20:52:28'),
(5, 'Tất Đạt Đa', '20010776@st.phenikaa-uni.edu.vn', '$2y$12$myzLUdPjs71ctV17HwoqrOLEPBmCiEd2VHdTKrphEGq2M10/hHkgy', 'user', '2024-06-13 06:11:09', '2024-06-13 07:20:24');

--
-- Chỉ mục cho các bảng đã đổ
--

--
-- Chỉ mục cho bảng `answers`
--
ALTER TABLE `answers`
  ADD PRIMARY KEY (`id`),
  ADD KEY `question_id` (`question_id`);

--
-- Chỉ mục cho bảng `audio_files`
--
ALTER TABLE `audio_files`
  ADD PRIMARY KEY (`id`);

--
-- Chỉ mục cho bảng `difficulty_levels`
--
ALTER TABLE `difficulty_levels`
  ADD PRIMARY KEY (`difficulty_level`);

--
-- Chỉ mục cho bảng `exam_histories`
--
ALTER TABLE `exam_histories`
  ADD PRIMARY KEY (`id`),
  ADD KEY `user_id` (`user_id`),
  ADD KEY `exam_id` (`exam_id`);

--
-- Chỉ mục cho bảng `exercises`
--
ALTER TABLE `exercises`
  ADD PRIMARY KEY (`id`);

--
-- Chỉ mục cho bảng `questions`
--
ALTER TABLE `questions`
  ADD PRIMARY KEY (`id`),
  ADD KEY `quiz_id` (`quiz_id`);

--
-- Chỉ mục cho bảng `quizzes`
--
ALTER TABLE `quizzes`
  ADD PRIMARY KEY (`id`);

--
-- Chỉ mục cho bảng `users`
--
ALTER TABLE `users`
  ADD PRIMARY KEY (`id`),
  ADD UNIQUE KEY `email` (`email`);

--
-- AUTO_INCREMENT cho các bảng đã đổ
--

--
-- AUTO_INCREMENT cho bảng `answers`
--
ALTER TABLE `answers`
  MODIFY `id` int(11) NOT NULL AUTO_INCREMENT, AUTO_INCREMENT=941;

--
-- AUTO_INCREMENT cho bảng `audio_files`
--
ALTER TABLE `audio_files`
  MODIFY `id` int(10) UNSIGNED NOT NULL AUTO_INCREMENT, AUTO_INCREMENT=16;

--
-- AUTO_INCREMENT cho bảng `exam_histories`
--
ALTER TABLE `exam_histories`
  MODIFY `id` int(11) NOT NULL AUTO_INCREMENT, AUTO_INCREMENT=80;

--
-- AUTO_INCREMENT cho bảng `questions`
--
ALTER TABLE `questions`
  MODIFY `id` int(11) NOT NULL AUTO_INCREMENT, AUTO_INCREMENT=234;

--
-- AUTO_INCREMENT cho bảng `quizzes`
--
ALTER TABLE `quizzes`
  MODIFY `id` int(11) NOT NULL AUTO_INCREMENT, AUTO_INCREMENT=10;

--
-- AUTO_INCREMENT cho bảng `users`
--
ALTER TABLE `users`
  MODIFY `id` int(11) NOT NULL AUTO_INCREMENT, AUTO_INCREMENT=6;

--
-- Các ràng buộc cho các bảng đã đổ
--

--
-- Các ràng buộc cho bảng `answers`
--
ALTER TABLE `answers`
  ADD CONSTRAINT `answers_ibfk_1` FOREIGN KEY (`question_id`) REFERENCES `questions` (`id`) ON DELETE CASCADE;

--
-- Các ràng buộc cho bảng `exam_histories`
--
ALTER TABLE `exam_histories`
  ADD CONSTRAINT `exam_histories_ibfk_1` FOREIGN KEY (`user_id`) REFERENCES `users` (`id`) ON DELETE CASCADE,
  ADD CONSTRAINT `exam_histories_ibfk_2` FOREIGN KEY (`exam_id`) REFERENCES `exercises` (`id`) ON DELETE CASCADE;

--
-- Các ràng buộc cho bảng `questions`
--
ALTER TABLE `questions`
  ADD CONSTRAINT `questions_ibfk_1` FOREIGN KEY (`quiz_id`) REFERENCES `quizzes` (`id`) ON DELETE CASCADE;
COMMIT;

/*!40101 SET CHARACTER_SET_CLIENT=@OLD_CHARACTER_SET_CLIENT */;
/*!40101 SET CHARACTER_SET_RESULTS=@OLD_CHARACTER_SET_RESULTS */;
/*!40101 SET COLLATION_CONNECTION=@OLD_COLLATION_CONNECTION */;
